"study_code","fst","lon1","lat1","lon2","lat2","site_id1","site_id2","distance_km"
"SACO-4",0.0783759644569855,-117.7941,45.951,-117.696,45.79,2,1,19.4686942513122
"SACO-4",0.143305442399027,-117.983,45.543,-117.696,45.79,3,1,35.4190418003
"SACO-4",0.113610312534972,-117.722,45.615,-117.696,45.79,4,1,19.5854967239396
"SACO-4",0.321974445967158,-117.531,45.478,-117.696,45.79,5,1,37.0302790556706
"SACO-4",0.255363382206995,-117.865,45.39,-117.696,45.79,6,1,46.4331965671357
"SACO-4",0.196773468928244,-117.66,45.448,-117.696,45.79,7,1,38.1743071833057
"SACO-4",0.214638058051982,-117.399,45.293,-117.696,45.79,8,1,59.976181737528
"SACO-4",0.593821935225219,-117.308,45.248,-117.696,45.79,9,1,67.4994614604427
"SACO-4",0.333394854849897,-117.584,45.334,-117.696,45.79,10,1,51.5067515541603
"SACO-4",0.193738106135366,-117.684,45.255,-117.696,45.79,11,1,59.563280945856
"SACO-4",0.305953440451556,-117.356,45.214,-117.696,45.79,12,1,69.3906424900012
"SACO-4",0.487409624067022,-118.17,44.995,-117.696,45.79,13,1,95.9427001280813
"SACO-4",0.526480652370394,-118.236,44.988,-117.696,45.79,14,1,98.7557714034643
"SACO-4",0.375818386284677,-118.197,44.972,-117.696,45.79,15,1,99.1272709284938
"SACO-4",0.17168638797444,-116.959,45.178,-117.696,45.79,16,1,89.1618441120225
"SACO-4",0.295391062137281,-116.77,44.992,-117.696,45.79,17,1,114.591939108907
"SACO-4",0.343259747353737,-116.748,44.97,-117.696,45.79,18,1,117.586042847376
"SACO-4",0.278668916190636,-116.809,44.864,-117.696,45.79,19,1,124.276231644485
"SACO-4",0.282774518615008,-116.875,44.919,-117.696,45.79,20,1,116.298886587543
"SACO-4",0.439927011244916,-116.937,44.981,-117.696,45.79,21,1,107.8492404504
"SACO-4",0.412741209103982,-116.817,44.903,-117.696,45.79,22,1,120.327161869674
"SACO-4",0.391089786935827,-116.891,44.833,-117.696,45.79,23,1,123.775334926426
"SACO-4",0.328709423272989,-116.932,44.97,-117.696,45.79,24,1,109.090526682155
"SACO-4",0.632609685928934,-116.773,44.848,-117.696,45.79,25,1,127.340067939299
"SACO-4",0.203041732385559,-116.342,44.886,-117.696,45.79,26,1,146.119767009975
"SACO-4",0.363023784320239,-114.849,45.071,-117.696,45.79,27,1,236.357664039288
"SACO-4",0.452132680629735,-114.744,44.353,-117.696,45.79,28,1,281.835133942709
"SACO-4",0.479914220618861,-116.548,45.015,-117.696,45.79,29,1,124.472295889913
"SACO-4",0.465892502934018,-116.515,44.934,-117.696,45.79,30,1,132.710386539957
"SACO-4",0.551780907672594,-116.456,45.008,-117.696,45.79,31,1,130.274895659288
"SACO-4",0.451047201736613,-116.404,44.852,-117.696,45.79,32,1,145.357488437385
"SACO-4",0.0662158637108048,-117.983,45.543,-117.7941,45.951,3,2,47.7299917110655
"SACO-4",0.0529098781459179,-117.722,45.615,-117.7941,45.951,4,2,37.8198271163326
"SACO-4",0.215613492987405,-117.531,45.478,-117.7941,45.951,5,2,56.485822896524
"SACO-4",0.173668831164578,-117.865,45.39,-117.7941,45.951,6,2,62.6932854577521
"SACO-4",0.10675810271132,-117.66,45.448,-117.7941,45.951,7,2,56.9560652602356
"SACO-4",0.147578755104842,-117.399,45.293,-117.7941,45.951,8,2,79.4448341985275
"SACO-4",0.43980067127197,-117.308,45.248,-117.7941,45.951,9,2,86.9345389116915
"SACO-4",0.237967463468722,-117.584,45.334,-117.7941,45.951,10,2,70.6036070374964
"SACO-4",0.142626431044389,-117.684,45.255,-117.7941,45.951,11,2,77.9513997945535
"SACO-4",0.232666312027053,-117.356,45.214,-117.7941,45.951,12,2,88.8590414208148
"SACO-4",0.331995525849365,-118.17,44.995,-117.7941,45.951,13,2,110.392414742229
"SACO-4",0.375224309338252,-118.236,44.988,-117.7941,45.951,14,2,112.61424416155
"SACO-4",0.269919524988974,-118.197,44.972,-117.7941,45.951,15,2,113.430662466052
"SACO-4",0.128708590230726,-116.959,45.178,-117.7941,45.951,16,2,107.889781482245
"SACO-4",0.212936732171852,-116.77,44.992,-117.7941,45.951,17,2,133.369149170232
"SACO-4",0.250472057483229,-116.748,44.97,-117.7941,45.951,18,2,136.368290551232
"SACO-4",0.19850410074253,-116.809,44.864,-117.7941,45.951,19,2,143.417086062496
"SACO-4",0.208497869016498,-116.875,44.919,-117.7941,45.951,20,2,135.468669114837
"SACO-4",0.300208508750087,-116.937,44.981,-117.7941,45.951,21,2,127.030944563889
"SACO-4",0.31141152838943,-116.817,44.903,-117.7941,45.951,22,2,139.415914938539
"SACO-4",0.242327425104849,-116.891,44.833,-117.7941,45.951,23,2,143.08268931276
"SACO-4",0.209452805118585,-116.932,44.97,-117.7941,45.951,24,2,128.281209059643
"SACO-4",0.417993126029158,-116.773,44.848,-117.7941,45.951,25,2,146.442901585851
"SACO-4",0.172224856635975,-116.342,44.886,-117.7941,45.951,26,2,164.096054582049
"SACO-4",0.312761865769018,-114.849,45.071,-117.7941,45.951,27,2,249.738844672517
"SACO-4",0.417967426831024,-114.744,44.353,-117.7941,45.951,28,2,298.259802886138
"SACO-4",0.313629569333801,-116.548,45.015,-117.7941,45.951,29,2,142.528276897643
"SACO-4",0.317361913430133,-116.515,44.934,-117.7941,45.951,30,2,150.984634028922
"SACO-4",0.351664956424542,-116.456,45.008,-117.7941,45.951,31,2,148.07664609336
"SACO-4",0.330560317462164,-116.404,44.852,-117.7941,45.951,32,2,163.617170091152
"SACO-4",0.0630815948003684,-117.722,45.615,-117.983,45.543,4,3,21.8583709127922
"SACO-4",0.259821628961816,-117.531,45.478,-117.983,45.543,5,3,35.9953700052574
"SACO-4",0.201334887307997,-117.865,45.39,-117.983,45.543,6,3,19.3637105434925
"SACO-4",0.113754524029833,-117.66,45.448,-117.983,45.543,7,3,27.332772956631
"SACO-4",0.156905510693054,-117.399,45.293,-117.983,45.543,8,3,53.4493662821666
"SACO-4",0.521647099609563,-117.308,45.248,-117.983,45.543,9,3,62.1487034550319
"SACO-4",0.276996477616575,-117.584,45.334,-117.983,45.543,10,3,38.8922044553745
"SACO-4",0.190087478828976,-117.684,45.255,-117.983,45.543,11,3,39.674353029062
"SACO-4",0.289950469945446,-117.356,45.214,-117.983,45.543,12,3,61.1958974770172
"SACO-4",0.415020586453211,-118.17,44.995,-117.983,45.543,13,3,62.7375734687111
"SACO-4",0.487233880411548,-118.236,44.988,-117.983,45.543,14,3,64.8842594794568
"SACO-4",0.323251394743351,-118.197,44.972,-117.983,45.543,15,3,65.7381331919674
"SACO-4",0.162467081552279,-116.959,45.178,-117.983,45.543,16,3,89.8108592559692
"SACO-4",0.231969661996796,-116.77,44.992,-117.983,45.543,17,3,113.107374422632
"SACO-4",0.292183311092038,-116.748,44.97,-117.983,45.543,18,3,115.904558542016
"SACO-4",0.210598313005773,-116.809,44.864,-117.983,45.543,19,3,119.129505018089
"SACO-4",0.22784341619871,-116.875,44.919,-117.983,45.543,20,3,111.220625044955
"SACO-4",0.407743628033093,-116.937,44.981,-117.983,45.543,21,3,103.105751493839
"SACO-4",0.367689273096973,-116.817,44.903,-117.983,45.543,22,3,115.90312718284
"SACO-4",0.327318611998294,-116.891,44.833,-117.983,45.543,23,3,116.560578446414
"SACO-4",0.265710218325384,-116.932,44.97,-117.983,45.543,24,3,104.169011112816
"SACO-4",0.571396897843693,-116.773,44.848,-117.983,45.543,25,3,122.452943981911
"SACO-4",0.191305038338867,-116.342,44.886,-117.983,45.543,26,3,148.013189563395
"SACO-4",0.354877041487764,-114.849,45.071,-117.983,45.543,27,3,250.911551489818
"SACO-4",0.442143310290948,-114.744,44.353,-117.983,45.543,28,3,287.491713506381
"SACO-4",0.435860099602955,-116.548,45.015,-117.983,45.543,29,3,126.841373409872
"SACO-4",0.424942381936884,-116.515,44.934,-117.983,45.543,30,3,133.553346033071
"SACO-4",0.486778706297877,-116.456,45.008,-117.983,45.543,31,3,133.620920646836
"SACO-4",0.415326815642962,-116.404,44.852,-117.983,45.543,32,3,145.79909430067
"SACO-4",0.208669737991111,-117.531,45.478,-117.722,45.615,5,4,21.3145617099298
"SACO-4",0.150186994519969,-117.865,45.39,-117.722,45.615,6,4,27.4194413761429
"SACO-4",0.0797264680845606,-117.66,45.448,-117.722,45.615,7,4,19.208770169218
"SACO-4",0.0789801418039972,-117.399,45.293,-117.722,45.615,8,4,43.8295287182552
"SACO-4",0.453706709160764,-117.308,45.248,-117.722,45.615,9,4,52.1059510683496
"SACO-4",0.197626967905484,-117.584,45.334,-117.722,45.615,10,4,33.0836607465673
"SACO-4",0.14675925972252,-117.684,45.255,-117.722,45.615,11,4,40.1847986002366
"SACO-4",0.146298517963186,-117.356,45.214,-117.722,45.615,12,4,53.0152841022711
"SACO-4",0.335689581261974,-118.17,44.995,-117.722,45.615,13,4,77.419438888974
"SACO-4",0.380320760195056,-118.236,44.988,-117.722,45.615,14,4,80.5687869631968
"SACO-4",0.249294188338888,-118.197,44.972,-117.722,45.615,15,4,80.6663663856117
"SACO-4",0.107450324632862,-116.959,45.178,-117.722,45.615,16,4,76.9649347028927
"SACO-4",0.200802491229864,-116.77,44.992,-117.722,45.615,17,4,101.810615680754
"SACO-4",0.257268899492053,-116.748,44.97,-117.722,45.615,18,4,104.752419176386
"SACO-4",0.188311757336684,-116.809,44.864,-117.722,45.615,19,4,110.047229868734
"SACO-4",0.198895768369542,-116.875,44.919,-117.722,45.615,20,4,102.011204316492
"SACO-4",0.329216559806424,-116.937,44.981,-117.722,45.615,21,4,93.5910613980309
"SACO-4",0.343635050053496,-116.817,44.903,-117.722,45.615,22,4,106.351124748442
"SACO-4",0.275491626358466,-116.891,44.833,-117.722,45.615,23,4,108.733571532869
"SACO-4",0.2132742796275,-116.932,44.97,-117.722,45.615,24,4,94.7768449857984
"SACO-4",0.509154100306086,-116.773,44.848,-117.722,45.615,25,4,113.246372491707
"SACO-4",0.156058713546677,-116.342,44.886,-117.722,45.615,26,4,135.208066592198
"SACO-4",0.303521618602369,-114.849,45.071,-117.722,45.615,27,4,232.789029325861
"SACO-4",0.415466488467405,-114.744,44.353,-117.722,45.615,28,4,273.314774929228
"SACO-4",0.342830328018485,-116.548,45.015,-117.722,45.615,29,4,113.607160785985
"SACO-4",0.329558069238466,-116.515,44.934,-117.722,45.615,30,4,121.187922256285
"SACO-4",0.394380906970334,-116.456,45.008,-117.722,45.615,31,4,119.949890566259
"SACO-4",0.358784440048729,-116.404,44.852,-117.722,45.615,32,4,133.749383711277
"SACO-4",0.292357966058747,-117.865,45.39,-117.531,45.478,6,5,27.8692303070063
"SACO-4",0.27410331305938,-117.66,45.448,-117.531,45.478,7,5,10.6110480785172
"SACO-4",0.213894914756846,-117.399,45.293,-117.531,45.478,8,5,23.0352651146594
"SACO-4",0.569407283190882,-117.308,45.248,-117.531,45.478,9,5,30.9798958893604
"SACO-4",0.30343173538789,-117.584,45.334,-117.531,45.478,10,5,16.556540403769
"SACO-4",0.275798962848592,-117.684,45.255,-117.531,45.478,11,5,27.5577469860178
"SACO-4",0.312540102046918,-117.356,45.214,-117.531,45.478,12,5,32.4212068836797
"SACO-4",0.532291654188796,-118.17,44.995,-117.531,45.478,13,5,73.4842022382545
"SACO-4",0.543204819677079,-118.236,44.988,-117.531,45.478,14,5,77.6515218950537
"SACO-4",0.376248411015019,-118.197,44.972,-117.531,45.478,15,5,76.8076366252099
"SACO-4",0.21862219571496,-116.959,45.178,-117.531,45.478,16,5,55.8505355353682
"SACO-4",0.27936867969871,-116.77,44.992,-117.531,45.478,17,5,80.5334889129923
"SACO-4",0.327259145918663,-116.748,44.97,-117.531,45.478,18,5,83.4674388745559
"SACO-4",0.30731337763405,-116.809,44.864,-117.531,45.478,19,5,88.7817778922951
"SACO-4",0.306589777970878,-116.875,44.919,-117.531,45.478,20,5,80.7469334745131
"SACO-4",0.451740960042752,-116.937,44.981,-117.531,45.478,21,5,72.3155683413894
"SACO-4",0.425245039591824,-116.817,44.903,-117.531,45.478,22,5,85.0569626296885
"SACO-4",0.389022634933401,-116.891,44.833,-117.531,45.478,23,5,87.632101481236
"SACO-4",0.34584789390628,-116.932,44.97,-117.531,45.478,24,5,73.5093292464814
"SACO-4",0.60965875653809,-116.773,44.848,-117.531,45.478,25,5,91.9672650543085
"SACO-4",0.24979612800529,-116.342,44.886,-117.531,45.478,26,5,114.22030343486
"SACO-4",0.405069004135505,-114.849,45.071,-117.531,45.478,27,5,214.917568743668
"SACO-4",0.460015478618662,-114.744,44.353,-117.531,45.478,28,5,252.866420927761
"SACO-4",0.490930213768606,-116.548,45.015,-117.531,45.478,29,5,92.6924359297493
"SACO-4",0.507468832531686,-116.515,44.934,-117.531,45.478,30,5,100.08423060899
"SACO-4",0.556750574173302,-116.456,45.008,-117.531,45.478,31,5,99.179974581291
"SACO-4",0.43902605608446,-116.404,44.852,-117.531,45.478,32,5,112.605991814459
"SACO-4",0.185242690914112,-117.66,45.448,-117.865,45.39,7,6,17.2703738217969
"SACO-4",0.170257793544699,-117.399,45.293,-117.865,45.39,8,6,38.0270235712023
"SACO-4",0.539841262092119,-117.308,45.248,-117.865,45.39,9,6,46.3763282188099
"SACO-4",0.17827437633591,-117.584,45.334,-117.865,45.39,10,6,22.8456177826787
"SACO-4",0.179245382823646,-117.684,45.255,-117.865,45.39,11,6,20.6530104127876
"SACO-4",0.336227184810769,-117.356,45.214,-117.865,45.39,12,6,44.409375972358
"SACO-4",0.439949827881133,-118.17,44.995,-117.865,45.39,13,6,50.0596418496013
"SACO-4",0.444908686995765,-118.236,44.988,-117.865,45.39,14,6,53.3833796179243
"SACO-4",0.210011413073326,-118.197,44.972,-117.865,45.39,15,6,53.3273510037166
"SACO-4",0.164173094896056,-116.959,45.178,-117.865,45.39,16,6,74.7821142224164
"SACO-4",0.2693136743916,-116.77,44.992,-117.865,45.39,17,6,96.655880314392
"SACO-4",0.290498574846464,-116.748,44.97,-117.865,45.39,18,6,99.3368947318252
"SACO-4",0.254211166227613,-116.809,44.864,-117.865,45.39,19,6,101.523658953896
"SACO-4",0.246645025069287,-116.875,44.919,-117.865,45.39,20,6,93.7486578043073
"SACO-4",0.440741012235208,-116.937,44.981,-117.865,45.39,21,6,85.8729272918916
"SACO-4",0.426879022884016,-116.817,44.903,-117.865,45.39,22,6,98.5345299374701
"SACO-4",0.378877512770674,-116.891,44.833,-117.865,45.39,23,6,98.4859935142606
"SACO-4",0.308402071861089,-116.932,44.97,-117.865,45.39,24,6,86.8646727440369
"SACO-4",0.621469022039546,-116.773,44.848,-117.865,45.39,25,6,104.870551699479
"SACO-4",0.21419425084212,-116.342,44.886,-117.865,45.39,26,6,132.096873095546
"SACO-4",0.396085065807302,-114.849,45.071,-117.865,45.39,27,6,239.083662048248
"SACO-4",0.458374128828446,-114.744,44.353,-117.865,45.39,28,6,271.91144211212
"SACO-4",0.448307727513275,-116.548,45.015,-117.865,45.39,29,6,111.414508305488
"SACO-4",0.45407490593115,-116.515,44.934,-117.865,45.39,30,6,117.493103409129
"SACO-4",0.501566984573258,-116.456,45.008,-117.865,45.39,31,6,118.419532046865
"SACO-4",0.431646804449024,-116.404,44.852,-117.865,45.39,32,6,129.443861535236
"SACO-4",0.114518173067643,-117.399,45.293,-117.66,45.448,8,7,26.7270884286724
"SACO-4",0.508773807758972,-117.308,45.248,-117.66,45.448,9,7,35.4127415792355
"SACO-4",0.213199693240362,-117.584,45.334,-117.66,45.448,10,7,14.0123695371008
"SACO-4",0.190202699975222,-117.684,45.255,-117.66,45.448,11,7,21.5665433472453
"SACO-4",0.256913886558284,-117.356,45.214,-117.66,45.448,12,7,35.2778840201059
"SACO-4",0.445030335215652,-118.17,44.995,-117.66,45.448,13,7,64.3586816257836
"SACO-4",0.472711142531256,-118.236,44.988,-117.66,45.448,14,7,68.2799119071719
"SACO-4",0.303301885913067,-118.197,44.972,-117.66,45.448,15,7,67.6855207772762
"SACO-4",0.115425379917864,-116.959,45.178,-117.66,45.448,16,7,62.568360137952
"SACO-4",0.210265422148071,-116.77,44.992,-117.66,45.448,17,7,86.2946659601137
"SACO-4",0.269386096052207,-116.748,44.97,-117.66,45.448,18,7,89.146547716688
"SACO-4",0.171782851608242,-116.809,44.864,-117.66,45.448,19,7,93.2142924548374
"SACO-4",0.188892979831277,-116.875,44.919,-117.66,45.448,20,7,85.2135068948796
"SACO-4",0.361648419045019,-116.937,44.981,-117.66,45.448,21,7,76.9224139756059
"SACO-4",0.339015861279696,-116.817,44.903,-117.66,45.448,22,7,89.7596054650001
"SACO-4",0.301956765301947,-116.891,44.833,-117.66,45.448,23,7,91.2848179995765
"SACO-4",0.248736168625551,-116.932,44.97,-117.66,45.448,24,7,78.0455878212912
"SACO-4",0.55174937885873,-116.773,44.848,-117.66,45.448,25,7,96.4911972039418
"SACO-4",0.175458712786294,-116.342,44.886,-117.66,45.448,26,7,120.887828727311
"SACO-4",0.318893779480683,-114.849,45.071,-117.66,45.448,27,7,224.212724728233
"SACO-4",0.415219535542772,-114.744,44.353,-117.66,45.448,28,7,260.219728430576
"SACO-4",0.399369969437513,-116.548,45.015,-117.66,45.448,29,7,99.6134273131595
"SACO-4",0.392872518694353,-116.515,44.934,-117.66,45.448,30,7,106.501374823832
"SACO-4",0.488724598398322,-116.456,45.008,-117.66,45.448,31,7,106.344313617052
"SACO-4",0.366192585280334,-116.404,44.852,-117.66,45.448,32,7,118.846771791554
"SACO-4",0.393293180052987,-117.308,45.248,-117.399,45.293,9,8,8.71312647091142
"SACO-4",0.159051946415955,-117.584,45.334,-117.399,45.293,10,8,15.1844958002665
"SACO-4",0.210174263802751,-117.684,45.255,-117.399,45.293,11,8,22.7233659342811
"SACO-4",0.225944069192888,-117.356,45.214,-117.399,45.293,12,8,9.41773337345435
"SACO-4",0.335093133408157,-118.17,44.995,-117.399,45.293,13,8,69.0293575094492
"SACO-4",0.331886310020535,-118.236,44.988,-117.399,45.293,14,8,73.9738871757991
"SACO-4",0.2538430113088,-118.197,44.972,-117.399,45.293,15,8,72.1402217054286
"SACO-4",0.144213090426143,-116.959,45.178,-117.399,45.293,16,8,36.7908636983053
"SACO-4",0.205983260585893,-116.77,44.992,-117.399,45.293,17,8,59.6816472741757
"SACO-4",0.254555462453486,-116.748,44.97,-117.399,45.293,18,8,62.50303862994
"SACO-4",0.220920089181794,-116.809,44.864,-117.399,45.293,19,8,66.5696184701855
"SACO-4",0.232497183817392,-116.875,44.919,-117.399,45.293,20,8,58.5516807668608
"SACO-4",0.295922274614452,-116.937,44.981,-117.399,45.293,21,8,50.2240048365858
"SACO-4",0.281464810774693,-116.817,44.903,-117.399,45.293,22,8,63.0582706532889
"SACO-4",0.265840700200214,-116.891,44.833,-117.399,45.293,23,8,64.9427878248762
"SACO-4",0.23905335810141,-116.932,44.97,-117.399,45.293,24,8,51.3605866508385
"SACO-4",0.374923111990771,-116.773,44.848,-117.399,45.293,25,8,69.828108305348
"SACO-4",0.196531046206743,-116.342,44.886,-117.399,45.293,26,8,94.6222841845263
"SACO-4",0.349108325463174,-114.849,45.071,-117.399,45.293,27,8,201.595703493915
"SACO-4",0.431915912384984,-114.744,44.353,-117.399,45.293,28,8,234.280797104897
"SACO-4",0.287223869216404,-116.548,45.015,-117.399,45.293,29,8,73.6251845792682
"SACO-4",0.319507141050237,-116.515,44.934,-117.399,45.293,30,8,80.1231251750508
"SACO-4",0.329141012451068,-116.456,45.008,-117.399,45.293,31,8,80.5437101644236
"SACO-4",0.313550280183793,-116.404,44.852,-117.399,45.293,32,8,92.3498841555643
"SACO-4",0.521888536716431,-117.584,45.334,-117.308,45.248,10,9,23.6398806043638
"SACO-4",0.526238846607809,-117.684,45.255,-117.308,45.248,11,9,29.4768274069209
"SACO-4",0.543050726232523,-117.356,45.214,-117.308,45.248,12,9,5.33719887528147
"SACO-4",0.657941099247874,-118.17,44.995,-117.308,45.248,13,9,73.3315318925738
"SACO-4",0.659668675293562,-118.236,44.988,-117.308,45.248,14,9,78.431730053314
"SACO-4",0.562315816382527,-118.197,44.972,-117.308,45.248,15,9,76.3015468443367
"SACO-4",0.427244000154918,-116.959,45.178,-117.308,45.248,16,9,28.4567933099137
"SACO-4",0.501499010258493,-116.77,44.992,-117.308,45.248,17,9,50.9705065822133
"SACO-4",0.548988423631244,-116.748,44.97,-117.308,45.248,18,9,53.789959124469
"SACO-4",0.48722567221793,-116.809,44.864,-117.308,45.248,19,9,58.0262785492606
"SACO-4",0.48901972705442,-116.875,44.919,-117.308,45.248,20,9,49.9960865660731
"SACO-4",0.606190232985726,-116.937,44.981,-117.308,45.248,21,9,41.6272116306134
"SACO-4",0.621516564246829,-116.817,44.903,-117.308,45.248,22,9,54.4494564837862
"SACO-4",0.600663765464518,-116.891,44.833,-117.308,45.248,23,9,56.6576700073829
"SACO-4",0.590518224840088,-116.932,44.97,-117.308,45.248,24,9,42.7823792133858
"SACO-4",0.751982579955238,-116.773,44.848,-117.308,45.248,25,9,61.2631387606395
"SACO-4",0.457829793280451,-116.342,44.886,-117.308,45.248,26,9,85.9772146268757
"SACO-4",0.573652533388395,-114.849,45.071,-117.308,45.248,27,9,194.015379060941
"SACO-4",0.539986931012605,-114.744,44.353,-117.308,45.248,28,9,225.691109739953
"SACO-4",0.665926537339888,-116.548,45.015,-117.308,45.248,29,9,65.0776101948597
"SACO-4",0.668546481099289,-116.515,44.934,-117.308,45.248,30,9,71.4542867953885
"SACO-4",0.708344977725005,-116.456,45.008,-117.308,45.248,31,9,72.0508770770354
"SACO-4",0.609322246944246,-116.404,44.852,-117.308,45.248,32,9,83.6527343633561
"SACO-4",0.241520555562878,-117.684,45.255,-117.584,45.334,11,10,11.7754750473837
"SACO-4",0.355898965996547,-117.356,45.214,-117.584,45.334,12,10,22.303756730024
"SACO-4",0.378671985559133,-118.17,44.995,-117.584,45.334,13,10,59.4940282998254
"SACO-4",0.415380959213027,-118.236,44.988,-117.584,45.334,14,10,64.0517428591207
"SACO-4",0.232611008558445,-118.197,44.972,-117.584,45.334,15,10,62.7669858490072
"SACO-4",0.18276251834697,-116.959,45.178,-117.584,45.334,16,10,51.9638787927112
"SACO-4",0.248134207730329,-116.77,44.992,-117.584,45.334,17,10,74.3736063094406
"SACO-4",0.290928255335618,-116.748,44.97,-117.584,45.334,18,10,77.1310005197613
"SACO-4",0.277899823082067,-116.809,44.864,-117.584,45.334,19,10,80.2864120100228
"SACO-4",0.265674745313183,-116.875,44.919,-117.584,45.334,20,10,72.3533578254549
"SACO-4",0.415507756412369,-116.937,44.981,-117.584,45.334,21,10,64.214947777357
"SACO-4",0.3924427203439,-116.817,44.903,-117.584,45.334,22,10,77.0183701163454
"SACO-4",0.384368284632721,-116.891,44.833,-117.584,45.334,23,10,77.9568746893514
"SACO-4",0.336469098228103,-116.932,44.97,-117.584,45.334,24,10,65.282615908225
"SACO-4",0.581687165519493,-116.773,44.848,-117.584,45.334,25,10,83.600954753211
"SACO-4",0.216963575168437,-116.342,44.886,-117.584,45.334,26,10,109.580095884526
"SACO-4",0.403777441196684,-114.849,45.071,-117.584,45.334,27,10,216.500325184186
"SACO-4",0.455264536382937,-114.744,44.353,-117.584,45.334,28,10,249.325485261285
"SACO-4",0.416795238074289,-116.548,45.015,-117.584,45.334,29,10,88.7159295942542
"SACO-4",0.440388126095257,-116.515,44.934,-117.584,45.334,30,10,95.0260558847804
"SACO-4",0.488967231732218,-116.456,45.008,-117.584,45.334,31,10,95.6734789627169
"SACO-4",0.436692717092869,-116.404,44.852,-117.584,45.334,32,10,107.135116011395
"SACO-4",0.283486610726822,-117.356,45.214,-117.684,45.255,12,11,26.1144712968385
"SACO-4",0.382381039881209,-118.17,44.995,-117.684,45.255,13,11,47.9038094868135
"SACO-4",0.418727192255973,-118.236,44.988,-117.684,45.255,14,11,52.5674586682682
"SACO-4",0.254871531149416,-118.197,44.972,-117.684,45.255,15,11,51.1525676291028
"SACO-4",0.157469735197409,-116.959,45.178,-117.684,45.255,16,11,57.4944921223813
"SACO-4",0.238323635912272,-116.77,44.992,-117.684,45.255,17,11,77.5297663113926
"SACO-4",0.297769000124632,-116.748,44.97,-117.684,45.255,18,11,80.0838562289627
"SACO-4",0.226548935874949,-116.809,44.864,-117.684,45.255,19,11,81.4147219442861
"SACO-4",0.244552896310066,-116.875,44.919,-117.684,45.255,20,11,73.7684825278709
"SACO-4",0.41540557523832,-116.937,44.981,-117.684,45.255,21,11,66.1323211089585
"SACO-4",0.382762955497467,-116.817,44.903,-117.684,45.255,22,11,78.6126661143303
"SACO-4",0.296653515153202,-116.891,44.833,-117.684,45.255,23,11,78.0838885247222
"SACO-4",0.24363198429861,-116.932,44.97,-117.684,45.255,24,11,67.0566910342482
"SACO-4",0.546673494865787,-116.773,44.848,-117.684,45.255,25,11,84.7675938500509
"SACO-4",0.178539546055106,-116.342,44.886,-117.684,45.255,26,11,113.217665520571
"SACO-4",0.370902416906294,-114.849,45.071,-117.684,45.255,27,11,223.449576364262
"SACO-4",0.455650329513878,-114.744,44.353,-117.684,45.255,28,11,252.970749899087
"SACO-4",0.42203954371294,-116.548,45.015,-117.684,45.255,29,11,93.1227962119291
"SACO-4",0.400402191879676,-116.515,44.934,-117.684,45.255,30,11,98.569532225144
"SACO-4",0.460059363158123,-116.456,45.008,-117.684,45.255,31,11,100.281557207422
"SACO-4",0.399538701895524,-116.404,44.852,-117.684,45.255,32,11,110.203405218646
"SACO-4",0.477811783617375,-118.17,44.995,-117.356,45.214,13,12,68.4452948897485
"SACO-4",0.489859930709429,-118.236,44.988,-117.356,45.214,14,12,73.580843410122
"SACO-4",0.351532446794099,-118.197,44.972,-117.356,45.214,15,12,71.370570423184
"SACO-4",0.218973568670748,-116.959,45.178,-117.356,45.214,16,12,31.3994339780661
"SACO-4",0.311960684568107,-116.77,44.992,-117.356,45.214,17,12,52.2565364088514
"SACO-4",0.382425680024131,-116.748,44.97,-117.356,45.214,18,12,54.9621251783772
"SACO-4",0.309293995957437,-116.809,44.864,-117.356,45.214,19,12,58.0462998309657
"SACO-4",0.337211295709947,-116.875,44.919,-117.356,45.214,20,12,50.0858058591786
"SACO-4",0.484248422277082,-116.937,44.981,-117.356,45.214,21,12,41.9144224388781
"SACO-4",0.487412925260288,-116.817,44.903,-117.356,45.214,22,12,54.7260598816303
"SACO-4",0.439297288961687,-116.891,44.833,-117.356,45.214,23,12,56.0129462113326
"SACO-4",0.390136151487495,-116.932,44.97,-117.356,45.214,24,12,42.9893021324216
"SACO-4",0.663403521022842,-116.773,44.848,-117.356,45.214,25,12,61.3484083608261
"SACO-4",0.258975791143408,-116.342,44.886,-117.356,45.214,26,12,87.7076370878254
"SACO-4",0.398580672527633,-114.849,45.071,-117.356,45.214,27,12,197.481053346728
"SACO-4",0.464869634530137,-114.744,44.353,-117.356,45.214,28,12,227.533920419471
"SACO-4",0.526465399627546,-116.548,45.015,-117.356,45.214,29,12,67.2285214510488
"SACO-4",0.507297583454897,-116.515,44.934,-117.356,45.214,30,12,73.092162612662
"SACO-4",0.580863961595934,-116.456,45.008,-117.356,45.214,31,12,74.3311563037463
"SACO-4",0.497551590951237,-116.404,44.852,-117.356,45.214,32,12,85.0456693394054
"SACO-4",0.557439610909203,-118.236,44.988,-118.17,44.995,14,13,5.25405130073698
"SACO-4",0.313269513874509,-118.197,44.972,-118.17,44.995,15,13,3.32789410870524
"SACO-4",0.340273879679175,-116.959,45.178,-118.17,44.995,16,13,97.3341965093533
"SACO-4",0.419782360804222,-116.77,44.992,-118.17,44.995,17,13,110.212310010724
"SACO-4",0.509020929141342,-116.748,44.97,-118.17,44.995,18,13,111.999722871156
"SACO-4",0.412728467496229,-116.809,44.864,-118.17,44.995,19,13,108.247963075864
"SACO-4",0.447302156677902,-116.875,44.919,-118.17,44.995,20,13,102.361207748172
"SACO-4",0.599682231839834,-116.937,44.981,-118.17,44.995,21,13,97.0872047336187
"SACO-4",0.580981804704312,-116.817,44.903,-118.17,44.995,22,13,107.085410137392
"SACO-4",0.568728999760764,-116.891,44.833,-118.17,44.995,23,13,102.426073551728
"SACO-4",0.545991443924767,-116.932,44.97,-118.17,44.995,24,13,97.5174092294235
"SACO-4",0.763930392702431,-116.773,44.848,-118.17,44.995,25,13,111.322889002203
"SACO-4",0.325324109932744,-116.342,44.886,-118.17,44.995,26,13,144.546987413567
"SACO-4",0.506390478665156,-114.849,45.071,-118.17,44.995,27,13,261.37970424003
"SACO-4",0.502488175870832,-114.744,44.353,-118.17,44.995,28,13,280.440413500351
"SACO-4",0.605597172746435,-116.548,45.015,-118.17,44.995,29,13,127.681487304
"SACO-4",0.665373498695171,-116.515,44.934,-118.17,44.995,30,13,130.528093565354
"SACO-4",0.673795301669983,-116.456,45.008,-118.17,44.995,31,13,134.918822847106
"SACO-4",0.588392705182381,-116.404,44.852,-118.17,44.995,32,13,140.100173118237
"SACO-4",0.339736089327876,-118.197,44.972,-118.236,44.988,15,14,3.55008117818055
"SACO-4",0.336434854111005,-116.959,45.178,-118.236,44.988,16,14,102.576082889408
"SACO-4",0.439936476162868,-116.77,44.992,-118.236,44.988,17,14,115.41527198433
"SACO-4",0.51340933734681,-116.748,44.97,-118.236,44.988,18,14,117.185979694828
"SACO-4",0.427631187490299,-116.809,44.864,-118.236,44.988,19,14,113.313323127518
"SACO-4",0.470529049095535,-116.875,44.919,-118.236,44.988,20,14,107.491208218641
"SACO-4",0.601466218882222,-116.937,44.981,-118.236,44.988,21,14,102.280013243586
"SACO-4",0.573623580997491,-116.817,44.903,-118.236,44.988,22,14,112.200677959251
"SACO-4",0.582615593300092,-116.891,44.833,-118.236,44.988,23,14,107.429961442666
"SACO-4",0.559830894846388,-116.932,44.97,-118.236,44.988,24,14,102.700110240524
"SACO-4",0.765449073101671,-116.773,44.848,-118.236,44.988,25,14,116.371019300512
"SACO-4",0.371237401207249,-116.342,44.886,-118.236,44.988,26,14,149.677440694474
"SACO-4",0.554725771179261,-114.849,45.071,-118.236,44.988,27,14,266.610243840481
"SACO-4",0.539978622482239,-114.744,44.353,-118.236,44.988,28,14,285.316653649761
"SACO-4",0.646424635675654,-116.548,45.015,-118.236,44.988,29,14,132.898631962981
"SACO-4",0.705303092228728,-116.515,44.934,-118.236,44.988,30,14,135.69094563428
"SACO-4",0.700105480584585,-116.456,45.008,-118.236,44.988,31,14,140.132042882286
"SACO-4",0.594143649871487,-116.404,44.852,-118.236,44.988,32,14,145.19490980723
"SACO-4",0.241585466636451,-116.959,45.178,-118.197,44.972,16,15,99.9853275448633
"SACO-4",0.33441592931749,-116.77,44.992,-118.197,44.972,17,15,112.381857103607
"SACO-4",0.377043285011984,-116.748,44.97,-118.197,44.972,18,15,114.114110427236
"SACO-4",0.315567531697606,-116.809,44.864,-118.197,44.972,19,15,110.069508093026
"SACO-4",0.325177421915876,-116.875,44.919,-118.197,44.972,20,15,104.325653142627
"SACO-4",0.483929587077598,-116.937,44.981,-118.197,44.972,21,15,99.2253358063921
"SACO-4",0.490472449902994,-116.817,44.903,-118.197,44.972,22,15,109.0144049458
"SACO-4",0.41547706090155,-116.891,44.833,-118.197,44.972,23,15,104.131118281862
"SACO-4",0.377894181601749,-116.932,44.97,-118.197,44.972,24,15,99.6238043272686
"SACO-4",0.621124630980555,-116.773,44.848,-118.197,44.972,25,15,113.10967122417
"SACO-4",0.288570104164886,-116.342,44.886,-118.197,44.972,26,15,146.506605414381
"SACO-4",0.466212773224571,-114.849,45.071,-118.197,44.972,27,15,263.649675161228
"SACO-4",0.486202214453928,-114.744,44.353,-118.197,44.972,28,15,281.923387830768
"SACO-4",0.503849190699362,-116.548,45.015,-118.197,44.972,29,15,129.901346417014
"SACO-4",0.502899487373514,-116.515,44.934,-118.197,44.972,30,15,132.571920628197
"SACO-4",0.534777805206497,-116.456,45.008,-118.197,44.972,31,15,137.122254215233
"SACO-4",0.473066569489026,-116.404,44.852,-118.197,44.972,32,15,141.979019048507
"SACO-4",0.150688642568813,-116.77,44.992,-116.959,45.178,17,16,25.4830316074309
"SACO-4",0.191953636197795,-116.748,44.97,-116.959,45.178,18,16,28.4827594515213
"SACO-4",0.121217879544996,-116.809,44.864,-116.959,45.178,19,16,36.8932404617824
"SACO-4",0.133438648598811,-116.875,44.919,-116.959,45.178,20,16,29.5789530043514
"SACO-4",0.261064259028592,-116.937,44.981,-116.959,45.178,21,16,21.9980179047993
"SACO-4",0.268210086749191,-116.817,44.903,-116.959,45.178,22,16,32.5868994446991
"SACO-4",0.218736208171369,-116.891,44.833,-116.959,45.178,23,16,38.7763559146426
"SACO-4",0.16768490905738,-116.932,44.97,-116.959,45.178,24,16,23.2515365325797
"SACO-4",0.425934705550643,-116.773,44.848,-116.959,45.178,25,16,39.5442731931834
"SACO-4",0.114447256451679,-116.342,44.886,-116.959,45.178,26,16,58.4181645518688
"SACO-4",0.297185363005101,-114.849,45.071,-116.959,45.178,27,16,166.149571048569
"SACO-4",0.416497413885542,-114.744,44.353,-116.959,45.178,28,16,197.682098974707
"SACO-4",0.26761453608992,-116.548,45.015,-116.959,45.178,29,16,37.0452445012223
"SACO-4",0.244257100747441,-116.515,44.934,-116.959,45.178,30,16,44.2360853252104
"SACO-4",0.298717186697459,-116.456,45.008,-116.959,45.178,31,16,43.8255447114056
"SACO-4",0.254709344344891,-116.404,44.852,-116.959,45.178,32,16,56.7844633991427
"SACO-4",0.111617701418887,-116.748,44.97,-116.77,44.992,18,17,2.9997669637495
"SACO-4",0.15698167514975,-116.809,44.864,-116.77,44.992,19,17,14.5766529522379
"SACO-4",0.217782113294079,-116.875,44.919,-116.77,44.992,20,17,11.5954407724309
"SACO-4",0.317622949303022,-116.937,44.981,-116.77,44.992,21,17,13.2053569214253
"SACO-4",0.238838695231088,-116.817,44.903,-116.77,44.992,22,17,10.5768298345411
"SACO-4",0.28263367542487,-116.891,44.833,-116.77,44.992,23,17,20.1066048955988
"SACO-4",0.229143992338764,-116.932,44.97,-116.77,44.992,24,17,12.9889849746974
"SACO-4",0.504215518947105,-116.773,44.848,-116.77,44.992,25,17,16.031750799956
"SACO-4",0.202129252005231,-116.342,44.886,-116.77,44.992,26,17,35.7303849276373
"SACO-4",0.374446364924679,-114.849,45.071,-116.77,44.992,27,17,151.379981622635
"SACO-4",0.455387352384545,-114.744,44.353,-116.77,44.992,28,17,175.444924703908
"SACO-4",0.303261825859129,-116.548,45.015,-116.77,44.992,29,17,17.660188221267
"SACO-4",0.303056949655162,-116.515,44.934,-116.77,44.992,30,17,21.0974528529927
"SACO-4",0.366602225443302,-116.456,45.008,-116.77,44.992,31,17,24.7805130334454
"SACO-4",0.29134883747175,-116.404,44.852,-116.77,44.992,32,17,32.7892339037641
"SACO-4",0.219873357986673,-116.809,44.864,-116.748,44.97,19,18,12.7420162392414
"SACO-4",0.21614990987048,-116.875,44.919,-116.748,44.97,20,18,11.5048140055647
"SACO-4",0.384332229111612,-116.937,44.981,-116.748,44.97,21,18,14.9337352660371
"SACO-4",0.347036363561913,-116.817,44.903,-116.748,44.97,22,18,9.22997373779755
"SACO-4",0.317037891688745,-116.891,44.833,-116.748,44.97,23,18,18.966382344721
"SACO-4",0.279998868641775,-116.932,44.97,-116.748,44.97,24,18,14.4910955503903
"SACO-4",0.536130318408399,-116.773,44.848,-116.748,44.97,25,18,13.7232563296414
"SACO-4",0.228684001297983,-116.342,44.886,-116.748,44.97,26,18,33.3365926274834
"SACO-4",0.382025888361249,-114.849,45.071,-116.748,44.97,27,18,149.844752460135
"SACO-4",0.443176255652748,-114.744,44.353,-116.748,44.97,28,18,172.894734705375
"SACO-4",0.395004393643317,-116.548,45.015,-116.748,44.97,29,18,16.5226858327132
"SACO-4",0.377576002535528,-116.515,44.934,-116.748,44.97,30,18,18.7882630334418
"SACO-4",0.46457947783738,-116.456,45.008,-116.748,44.97,31,18,23.3750566598224
"SACO-4",0.332490276231466,-116.404,44.852,-116.748,44.97,32,18,30.1336009155104
"SACO-4",0.114431821461454,-116.875,44.919,-116.809,44.864,20,19,8.03603990737493
"SACO-4",0.175962204981919,-116.937,44.981,-116.809,44.864,21,19,16.4749643616926
"SACO-4",0.27920262850224,-116.817,44.903,-116.809,44.864,22,19,4.38707574756271
"SACO-4",0.187831766306208,-116.891,44.833,-116.809,44.864,23,19,7.33423861142382
"SACO-4",0.146429115649781,-116.932,44.97,-116.809,44.864,24,19,15.2724524248641
"SACO-4",0.401452812848742,-116.773,44.848,-116.809,44.864,25,19,3.35302208323801
"SACO-4",0.193047284472128,-116.342,44.886,-116.809,44.864,26,19,36.921167492018
"SACO-4",0.362695177015676,-114.849,45.071,-116.809,44.864,27,19,156.074772055286
"SACO-4",0.438110082505492,-114.744,44.353,-116.809,44.864,28,19,173.251125390318
"SACO-4",0.321678973112029,-116.548,45.015,-116.809,44.864,29,19,26.5616148453134
"SACO-4",0.282552088278026,-116.515,44.934,-116.809,44.864,30,19,24.4574516770111
"SACO-4",0.335099991044062,-116.456,45.008,-116.809,44.864,31,19,32.1054867862673
"SACO-4",0.270121060438825,-116.404,44.852,-116.809,44.864,32,19,31.9862645214915
"SACO-4",0.288210023578135,-116.937,44.981,-116.875,44.919,21,20,8.45541236501983
"SACO-4",0.316573924887744,-116.817,44.903,-116.875,44.919,22,20,4.90718907360534
"SACO-4",0.216878647042059,-116.891,44.833,-116.875,44.919,23,20,9.6563187010682
"SACO-4",0.179352034763872,-116.932,44.97,-116.875,44.919,24,20,7.23888888653677
"SACO-4",0.412107398700598,-116.773,44.848,-116.875,44.919,25,20,11.2780166208162
"SACO-4",0.182726706778676,-116.342,44.886,-116.875,44.919,26,20,42.1864747488876
"SACO-4",0.365607471248333,-114.849,45.071,-116.875,44.919,27,20,160.3807707927
"SACO-4",0.433932965527226,-114.744,44.353,-116.875,44.919,28,20,180.171944469438
"SACO-4",0.344849564411347,-116.548,45.015,-116.875,44.919,29,20,27.8836913019991
"SACO-4",0.318463433764842,-116.515,44.934,-116.875,44.919,30,20,28.4227120324075
"SACO-4",0.389245610055242,-116.456,45.008,-116.875,44.919,31,20,34.4574867882983
"SACO-4",0.324094632435076,-116.404,44.852,-116.875,44.919,32,20,37.8899339073273
"SACO-4",0.442708327094525,-116.817,44.903,-116.937,44.981,22,21,12.8373003637703
"SACO-4",0.348799805068333,-116.891,44.833,-116.937,44.981,23,21,16.8697451878518
"SACO-4",0.326092199276822,-116.932,44.97,-116.937,44.981,24,21,1.28626138329165
"SACO-4",0.527558955324043,-116.773,44.848,-116.937,44.981,25,21,19.6557272713429
"SACO-4",0.350080249854303,-116.342,44.886,-116.937,44.981,26,21,48.0672661914011
"SACO-4",0.514342352668871,-114.849,45.071,-116.937,44.981,27,21,164.582438966944
"SACO-4",0.501040641913227,-114.744,44.353,-116.937,44.981,28,21,187.159697869066
"SACO-4",0.446193956558477,-116.548,45.015,-116.937,44.981,29,21,30.8541057744662
"SACO-4",0.434046372450223,-116.515,44.934,-116.937,44.981,30,21,33.6514374483348
"SACO-4",0.477345168573252,-116.456,45.008,-116.937,44.981,31,21,37.9844810822981
"SACO-4",0.412417469526498,-116.404,44.852,-116.937,44.981,32,21,44.4022128989345
"SACO-4",0.337624068972949,-116.891,44.833,-116.817,44.903,23,22,9.7368697906613
"SACO-4",0.316674728264594,-116.932,44.97,-116.817,44.903,24,22,11.7367665796166
"SACO-4",0.51481600304378,-116.773,44.848,-116.817,44.903,25,22,7.03800387865053
"SACO-4",0.321918959445081,-116.342,44.886,-116.817,44.903,26,22,37.5060163646708
"SACO-4",0.55336557734534,-114.849,45.071,-116.817,44.903,27,22,156.066353590721
"SACO-4",0.510115362944839,-114.744,44.353,-116.817,44.903,28,22,175.266587248994
"SACO-4",0.416083487872778,-116.548,45.015,-116.817,44.903,29,22,24.5852821953639
"SACO-4",0.471597099859073,-116.515,44.934,-116.817,44.903,30,22,24.0544587455811
"SACO-4",0.489716529218888,-116.456,45.008,-116.817,44.903,31,22,30.746462682571
"SACO-4",0.405227586045717,-116.404,44.852,-116.817,44.903,32,22,33.0695665081834
"SACO-4",0.0321452042241724,-116.932,44.97,-116.891,44.833,24,23,15.5896531316576
"SACO-4",0.123519978193591,-116.773,44.848,-116.891,44.833,25,23,9.46265439686942
"SACO-4",0.305356601313375,-116.342,44.886,-116.891,44.833,26,23,43.7200790879206
"SACO-4",0.513892358092732,-114.849,45.071,-116.891,44.833,27,23,163.032588658215
"SACO-4",0.49581291797388,-114.744,44.353,-116.891,44.833,28,23,178.380908094178
"SACO-4",0.361597453347239,-116.548,45.015,-116.891,44.833,29,23,33.7840019366627
"SACO-4",0.372705614404161,-116.515,44.934,-116.891,44.833,30,23,31.7165347193813
"SACO-4",0.405776469201929,-116.456,45.008,-116.891,44.833,31,23,39.4359466020813
"SACO-4",0.402010291072958,-116.404,44.852,-116.891,44.833,32,23,38.4974100883522
"SACO-4",0.274932277781331,-116.773,44.848,-116.932,44.97,25,24,18.4819286606447
"SACO-4",0.247966152843384,-116.342,44.886,-116.932,44.97,26,24,47.4307963553138
"SACO-4",0.463644218256431,-114.849,45.071,-116.932,44.97,27,24,164.284765636461
"SACO-4",0.492869021891265,-114.744,44.353,-116.932,44.97,28,24,186.353158868856
"SACO-4",0.322905276961888,-116.548,45.015,-116.932,44.97,29,24,30.642628275518
"SACO-4",0.341512195180989,-116.515,44.934,-116.932,44.97,30,24,33.095038143118
"SACO-4",0.403233231438661,-116.456,45.008,-116.932,44.97,31,24,37.7133541117344
"SACO-4",0.370907263917553,-116.404,44.852,-116.932,44.97,32,24,43.649216453731
"SACO-4",0.507480106572665,-116.342,44.886,-116.773,44.848,26,25,34.2667848359211
"SACO-4",0.704958427435999,-114.849,45.071,-116.773,44.848,27,25,153.569961198579
"SACO-4",0.542939170440746,-114.744,44.353,-116.773,44.848,28,25,169.994420143938
"SACO-4",0.550283892770101,-116.548,45.015,-116.773,44.848,29,25,25.6909218869721
"SACO-4",0.598713518162848,-116.515,44.934,-116.773,44.848,30,25,22.4866965620428
"SACO-4",0.583075149212519,-116.456,45.008,-116.773,44.848,31,25,30.6827260316191
"SACO-4",0.598324644044975,-116.404,44.852,-116.773,44.848,32,25,29.1250698777776
"SACO-4",0.228998491095699,-114.849,45.071,-116.342,44.886,27,26,119.3535237128
"SACO-4",0.362321620111833,-114.744,44.353,-116.342,44.886,28,26,139.827692585528
"SACO-4",0.351697660092746,-116.548,45.015,-116.342,44.886,29,26,21.6703382248973
"SACO-4",0.321163280493564,-116.515,44.934,-116.342,44.886,30,26,14.6483520290543
"SACO-4",0.40113022155878,-116.456,45.008,-116.342,44.886,31,26,16.2823586136621
"SACO-4",0.288557056531325,-116.404,44.852,-116.342,44.886,32,26,6.18478558292277
"SACO-4",0.167963966517323,-114.744,44.353,-114.849,45.071,28,27,80.3578408907557
"SACO-4",0.539233666530362,-116.548,45.015,-114.849,45.071,29,27,133.778833868418
"SACO-4",0.465904498122067,-116.515,44.934,-114.849,45.071,30,27,132.014513867752
"SACO-4",0.581770591492552,-116.456,45.008,-114.849,45.071,31,27,126.599693261828
"SACO-4",0.447392364521404,-116.404,44.852,-114.849,45.071,32,27,124.884161869457
"SACO-4",0.504811577672689,-116.548,45.015,-114.744,44.353,29,28,160.673067340779
"SACO-4",0.496084915421842,-116.515,44.934,-114.744,44.353,30,28,154.456762380014
"SACO-4",0.524874747240197,-116.456,45.008,-114.744,44.353,31,28,153.875695047038
"SACO-4",0.466301136017606,-116.404,44.852,-114.744,44.353,32,28,142.811891161303
"SACO-4",0.233647601769628,-116.515,44.934,-116.548,45.015,30,29,9.38389917484762
"SACO-4",0.301592879713164,-116.456,45.008,-116.548,45.015,31,29,7.28211633997262
"SACO-4",0.435068856947306,-116.404,44.852,-116.548,45.015,32,29,21.4014540713322
"SACO-4",0.258190985346519,-116.456,45.008,-116.515,44.934,31,30,9.45774275275727
"SACO-4",0.405348763833393,-116.404,44.852,-116.515,44.934,32,30,12.6471406949468
"SACO-4",0.478905196735782,-116.404,44.852,-116.456,45.008,32,31,17.8428511614912
"SACO-3",0.125,-115.5397184,43.6767909,-115.8273542,43.8225982,2,1,28.2566643332178
"SACO-3",0.179,-115.5131594,43.6841841,-115.8273542,43.8225982,3,1,29.5918686286074
"SACO-3",0.077,-115.4593802,43.6900819,-115.8273542,43.8225982,4,1,33.0603777634942
"SACO-3",0.065,-115.1234083,43.7664015,-115.8273542,43.8225982,5,1,56.9091330336101
"SACO-3",0.107,-115.6067172,43.9507515,-115.8273542,43.8225982,6,1,22.7346021877194
"SACO-3",0.071,-115.4563428,43.937356,-115.8273542,43.8225982,7,1,32.3945398976143
"SACO-3",0.074,-115.2987689,43.9113005,-115.8273542,43.8225982,8,1,43.5560287956912
"SACO-3",0.084,-115.2069339,43.9717363,-115.8273542,43.8225982,9,1,52.4630988832762
"SACO-3",0.052,-115.2047956,44.0174004,-115.8273542,43.8225982,10,1,54.4259863807663
"SACO-3",0.098,-115.1945466,44.0520225,-115.8273542,43.8225982,11,1,56.7927674743826
"SACO-3",0.134,-115.5790054,43.5979447,-115.8273542,43.8225982,12,1,32.0119444007502
"SACO-3",0.101,-115.257,43.7146687,-115.8273542,43.8225982,13,1,47.3976586595624
"SACO-3",0.175,-114.9733879,43.6233573,-115.8273542,43.8225982,14,1,72.1922010776525
"SACO-3",0.096,-114.9332194,43.5347005,-115.8273542,43.8225982,15,1,78.7971545966542
"SACO-3",0.077,-114.9691623,43.5383646,-115.8273542,43.8225982,16,1,75.9900817686665
"SACO-3",0.201,-114.8656821,43.763935,-115.8273542,43.8225982,17,1,77.5501922320269
"SACO-3",0.052,-114.925999,43.8231681,-115.8273542,43.8225982,18,1,72.3921951381694
"SACO-3",0.091,-114.7247969,43.732877,-115.8273542,43.8225982,19,1,89.1794166740578
"SACO-3",0.12,-114.7235079,43.7661309,-115.8273542,43.8225982,20,1,88.9197681831182
"SACO-3",0.013,-115.5131594,43.6841841,-115.5397184,43.6767909,3,2,2.29109655457648
"SACO-3",0.079,-115.4593802,43.6900819,-115.5397184,43.6767909,4,2,6.63450992538113
"SACO-3",0.06,-115.1234083,43.7664015,-115.5397184,43.6767909,5,2,34.9466283725784
"SACO-3",0.109,-115.6067172,43.9507515,-115.5397184,43.6767909,6,2,30.9683784096495
"SACO-3",0.004,-115.4563428,43.937356,-115.5397184,43.6767909,7,2,29.7692930392696
"SACO-3",0.013,-115.2987689,43.9113005,-115.5397184,43.6767909,8,2,32.5015763087614
"SACO-3",0,-115.2069339,43.9717363,-115.5397184,43.6767909,9,2,42.3360926663331
"SACO-3",0.006,-115.2047956,44.0174004,-115.5397184,43.6767909,10,2,46.4826906350574
"SACO-3",0.015,-115.1945466,44.0520225,-115.5397184,43.6767909,11,2,50.1222609228023
"SACO-3",0,-115.5790054,43.5979447,-115.5397184,43.6767909,12,2,9.33037347466061
"SACO-3",0.052,-115.257,43.7146687,-115.5397184,43.6767909,13,2,23.142249673582
"SACO-3",0.047,-114.9733879,43.6233573,-115.5397184,43.6767909,14,2,46.0024866403465
"SACO-3",0.152,-114.9332194,43.5347005,-115.5397184,43.6767909,15,2,51.3829121291082
"SACO-3",0.032,-114.9691623,43.5383646,-115.5397184,43.6767909,16,2,48.5021111552436
"SACO-3",0.205,-114.8656821,43.763935,-115.5397184,43.6767909,17,2,55.0889272407742
"SACO-3",0.053,-114.925999,43.8231681,-115.5397184,43.6767909,18,2,51.9714836296692
"SACO-3",0.073,-114.7247969,43.732877,-115.5397184,43.6767909,19,2,65.8761265393323
"SACO-3",0.01,-114.7235079,43.7661309,-115.5397184,43.6767909,20,2,66.4139462921715
"SACO-3",0.164,-115.4593802,43.6900819,-115.5131594,43.6841841,4,3,4.37859826982502
"SACO-3",0.093,-115.1234083,43.7664015,-115.5131594,43.6841841,5,3,32.6625361108978
"SACO-3",0.21,-115.6067172,43.9507515,-115.5131594,43.6841841,6,3,30.6108930216587
"SACO-3",0.056,-115.4563428,43.937356,-115.5131594,43.6841841,7,3,28.5501502536963
"SACO-3",0.064,-115.2987689,43.9113005,-115.5131594,43.6841841,8,3,30.5931302377622
"SACO-3",0.017,-115.2069339,43.9717363,-115.5131594,43.6841841,9,3,40.3662582580242
"SACO-3",0.048,-115.2047956,44.0174004,-115.5131594,43.6841841,10,3,44.5950039237738
"SACO-3",0.024,-115.1945466,44.0520225,-115.5131594,43.6841841,11,3,48.2754937981499
"SACO-3",0.02,-115.5790054,43.5979447,-115.5131594,43.6841841,12,3,10.9681480862309
"SACO-3",0.142,-115.257,43.7146687,-115.5131594,43.6841841,13,3,20.8934146178782
"SACO-3",0.062,-114.9733879,43.6233573,-115.5131594,43.6841841,14,3,43.998541273268
"SACO-3",0.186,-114.9332194,43.5347005,-115.5131594,43.6841841,15,3,49.6176495767275
"SACO-3",0.103,-114.9691623,43.5383646,-115.5131594,43.6841841,16,3,46.7540331179417
"SACO-3",0.254,-114.8656821,43.763935,-115.5131594,43.6841841,17,3,52.8392730344706
"SACO-3",0.097,-114.925999,43.8231681,-115.5131594,43.6841841,18,3,49.6828115547632
"SACO-3",0.121,-114.7247969,43.732877,-115.5131594,43.6841841,19,3,63.6695574501178
"SACO-3",0.043,-114.7235079,43.7661309,-115.5131594,43.6841841,20,3,64.1761329669325
"SACO-3",0.105,-115.1234083,43.7664015,-115.4593802,43.6900819,5,4,28.3302671845477
"SACO-3",0.028,-115.6067172,43.9507515,-115.4593802,43.6900819,6,4,31.3378609176641
"SACO-3",0.043,-115.4563428,43.937356,-115.4593802,43.6900819,7,4,27.5275081876564
"SACO-3",0.045,-115.2987689,43.9113005,-115.4593802,43.6900819,8,4,27.8021175750004
"SACO-3",0.061,-115.2069339,43.9717363,-115.4593802,43.6900819,9,4,37.3366120354963
"SACO-3",0.045,-115.2047956,44.0174004,-115.4593802,43.6900819,10,4,41.7767079023859
"SACO-3",0.072,-115.1945466,44.0520225,-115.4593802,43.6900819,11,4,45.5527375748788
"SACO-3",0.069,-115.5790054,43.5979447,-115.4593802,43.6900819,12,4,14.0733969389175
"SACO-3",0.021,-115.257,43.7146687,-115.4593802,43.6900819,13,4,16.5153478675117
"SACO-3",0.141,-114.9733879,43.6233573,-115.4593802,43.6900819,14,4,39.8395267258491
"SACO-3",0.123,-114.9332194,43.5347005,-115.4593802,43.6900819,15,4,45.7991799710201
"SACO-3",0.046,-114.9691623,43.5383646,-115.4593802,43.6900819,16,4,42.967642139891
"SACO-3",0.14,-114.8656821,43.763935,-115.4593802,43.6900819,17,4,48.4618180050852
"SACO-3",0.078,-114.925999,43.8231681,-115.4593802,43.6900819,18,4,45.3728769131744
"SACO-3",0.068,-114.7247969,43.732877,-115.4593802,43.6900819,19,4,59.2996594161303
"SACO-3",0.098,-114.7235079,43.7661309,-115.4593802,43.6900819,20,4,59.7975626148912
"SACO-3",0.16,-115.6067172,43.9507515,-115.1234083,43.7664015,6,5,43.8872956967946
"SACO-3",0.073,-115.4563428,43.937356,-115.1234083,43.7664015,7,5,32.809703408167
"SACO-3",0.081,-115.2987689,43.9113005,-115.1234083,43.7664015,8,5,21.4111065463748
"SACO-3",0.063,-115.2069339,43.9717363,-115.1234083,43.7664015,9,5,23.8203677830301
"SACO-3",0.059,-115.2047956,44.0174004,-115.1234083,43.7664015,10,5,28.6937614901528
"SACO-3",0.069,-115.1945466,44.0520225,-115.1234083,43.7664015,11,5,32.3029875481734
"SACO-3",0.096,-115.5790054,43.5979447,-115.1234083,43.7664015,12,5,41.1933215906734
"SACO-3",0.105,-115.257,43.7146687,-115.1234083,43.7664015,13,5,12.1902856577983
"SACO-3",0.179,-114.9733879,43.6233573,-115.1234083,43.7664015,14,5,19.9839908605821
"SACO-3",0.193,-114.9332194,43.5347005,-115.1234083,43.7664015,15,5,29.9990585465769
"SACO-3",0.083,-114.9691623,43.5383646,-115.1234083,43.7664015,16,5,28.2620134313301
"SACO-3",0.31,-114.8656821,43.763935,-115.1234083,43.7664015,17,5,20.7211433696231
"SACO-3",0.059,-114.925999,43.8231681,-115.1234083,43.7664015,18,5,17.0748086284343
"SACO-3",0.152,-114.7247969,43.732877,-115.1234083,43.7664015,19,5,32.2702919615664
"SACO-3",0.093,-114.7235079,43.7661309,-115.1234083,43.7664015,20,5,32.1485083037205
"SACO-3",0.064,-115.4563428,43.937356,-115.6067172,43.9507515,7,6,12.1447031121131
"SACO-3",0.054,-115.2987689,43.9113005,-115.6067172,43.9507515,8,6,25.0756335792244
"SACO-3",0.084,-115.2069339,43.9717363,-115.6067172,43.9507515,9,6,32.1191971450972
"SACO-3",0.057,-115.2047956,44.0174004,-115.6067172,43.9507515,10,6,33.0369691281674
"SACO-3",0.097,-115.1945466,44.0520225,-115.6067172,43.9507515,11,6,34.8766258027859
"SACO-3",0.09,-115.5790054,43.5979447,-115.6067172,43.9507515,12,6,39.3373891697781
"SACO-3",0,-115.257,43.7146687,-115.6067172,43.9507515,13,6,38.4619219693976
"SACO-3",0.175,-114.9733879,43.6233573,-115.6067172,43.9507515,14,6,62.5993397858568
"SACO-3",0.145,-114.9332194,43.5347005,-115.6067172,43.9507515,15,6,71.26562767019
"SACO-3",0.045,-114.9691623,43.5383646,-115.6067172,43.9507515,16,6,68.8203250459486
"SACO-3",0.153,-114.8656821,43.763935,-115.6067172,43.9507515,17,6,63.0123949279048
"SACO-3",0.091,-114.925999,43.8231681,-115.6067172,43.9507515,18,6,56.4296302460205
"SACO-3",0.072,-114.7247969,43.732877,-115.6067172,43.9507515,19,6,74.8472130865533
"SACO-3",0.115,-114.7235079,43.7661309,-115.6067172,43.9507515,20,6,73.8113422713416
"SACO-3",0,-115.2987689,43.9113005,-115.4563428,43.937356,8,7,12.9627194066811
"SACO-3",0,-115.2069339,43.9717363,-115.4563428,43.937356,9,7,20.3502111789551
"SACO-3",0,-115.2047956,44.0174004,-115.4563428,43.937356,10,7,22.0328734345399
"SACO-3",0.016,-115.1945466,44.0520225,-115.4563428,43.937356,11,7,24.5456986432844
"SACO-3",0.013,-115.5790054,43.5979447,-115.4563428,43.937356,12,7,39.0486369796593
"SACO-3",0.034,-115.257,43.7146687,-115.4563428,43.937356,13,7,29.5095968904711
"SACO-3",0.045,-114.9733879,43.6233573,-115.4563428,43.937356,14,7,52.2348205048841
"SACO-3",0.104,-114.9332194,43.5347005,-115.4563428,43.937356,15,7,61.4774813769929
"SACO-3",0.015,-114.9691623,43.5383646,-115.4563428,43.937356,16,7,59.2289766082653
"SACO-3",0.147,-114.8656821,43.763935,-115.4563428,43.937356,17,7,51.1961043167214
"SACO-3",0.044,-114.925999,43.8231681,-115.4563428,43.937356,18,7,44.4115733873078
"SACO-3",0.039,-114.7247969,43.732877,-115.4563428,43.937356,19,7,62.9979601992457
"SACO-3",0.033,-114.7235079,43.7661309,-115.4563428,43.937356,20,7,61.8398477937657
"SACO-3",0,-115.2069339,43.9717363,-115.2987689,43.9113005,9,8,9.97231635288705
"SACO-3",0,-115.2047956,44.0174004,-115.2987689,43.9113005,10,8,14.0069221654248
"SACO-3",0.014,-115.1945466,44.0520225,-115.2987689,43.9113005,11,8,17.7507759099661
"SACO-3",0.01,-115.5790054,43.5979447,-115.2987689,43.9113005,12,8,41.5274108571373
"SACO-3",0.028,-115.257,43.7146687,-115.2987689,43.9113005,13,8,22.1446102997965
"SACO-3",0.047,-114.9733879,43.6233573,-115.2987689,43.9113005,14,8,41.3719661626703
"SACO-3",0.095,-114.9332194,43.5347005,-115.2987689,43.9113005,15,8,51.209020762265
"SACO-3",0.01,-114.9691623,43.5383646,-115.2987689,43.9113005,16,8,49.260315754947
"SACO-3",0.137,-114.8656821,43.763935,-115.2987689,43.9113005,17,8,38.449951657459
"SACO-3",0.038,-114.925999,43.8231681,-115.2987689,43.9113005,18,8,31.4844078093457
"SACO-3",0.029,-114.7247969,43.732877,-115.2987689,43.9113005,19,8,50.1959080882182
"SACO-3",0.032,-114.7235079,43.7661309,-115.2987689,43.9113005,20,8,48.935168716902
"SACO-3",0,-115.2047956,44.0174004,-115.2069339,43.9717363,10,9,5.08618791311382
"SACO-3",0,-115.1945466,44.0520225,-115.2069339,43.9717363,11,9,8.99227398092368
"SACO-3",0,-115.5790054,43.5979447,-115.2069339,43.9717363,12,9,51.239969581101
"SACO-3",0.042,-115.257,43.7146687,-115.2069339,43.9717363,13,9,28.8975716398343
"SACO-3",0.014,-114.9733879,43.6233573,-115.2069339,43.9717363,14,9,43.0827725371548
"SACO-3",0.083,-114.9332194,43.5347005,-115.2069339,43.9717363,15,9,53.397295349756
"SACO-3",0.015,-114.9691623,43.5383646,-115.2069339,43.9717363,16,9,51.8928184408032
"SACO-3",0.13,-114.8656821,43.763935,-115.2069339,43.9717363,17,9,35.8490152379713
"SACO-3",0.021,-114.925999,43.8231681,-115.2069339,43.9717363,18,9,27.9527137271663
"SACO-3",0.023,-114.7247969,43.732877,-115.2069339,43.9717363,19,9,46.9572867552235
"SACO-3",0,-114.7235079,43.7661309,-115.2069339,43.9717363,20,9,45.0445676997914
"SACO-3",0.002,-115.1945466,44.0520225,-115.2047956,44.0174004,11,10,3.94042719824014
"SACO-3",0.01,-115.5790054,43.5979447,-115.2047956,44.0174004,12,10,55.5339762438387
"SACO-3",0.028,-115.257,43.7146687,-115.2047956,44.0174004,13,10,33.959386465776
"SACO-3",0.045,-114.9733879,43.6233573,-115.2047956,44.0174004,14,10,47.6398618995318
"SACO-3",0.082,-114.9332194,43.5347005,-115.2047956,44.0174004,15,10,57.9984336538071
"SACO-3",0.011,-114.9691623,43.5383646,-115.2047956,44.0174004,16,10,56.5893063611225
"SACO-3",0.128,-114.8656821,43.763935,-115.2047956,44.0174004,17,10,39.194771819471
"SACO-3",0.026,-114.925999,43.8231681,-115.2047956,44.0174004,18,10,31.100635977485
"SACO-3",0.028,-114.7247969,43.732877,-115.2047956,44.0174004,19,10,49.8673828274105
"SACO-3",0.024,-114.7235079,43.7661309,-115.2047956,44.0174004,20,10,47.6771799757608
"SACO-3",0.002,-115.5790054,43.5979447,-115.1945466,44.0520225,12,11,59.2319779276
"SACO-3",0.058,-115.257,43.7146687,-115.1945466,44.0520225,13,11,37.8868777246662
"SACO-3",0.079,-114.9733879,43.6233573,-115.1945466,44.0520225,14,11,50.9158513174616
"SACO-3",0.119,-114.9332194,43.5347005,-115.1945466,44.0520225,15,11,61.2970095514513
"SACO-3",0.048,-114.9691623,43.5383646,-115.1945466,44.0520225,16,11,59.9794804819647
"SACO-3",0.165,-114.8656821,43.763935,-115.1945466,44.0520225,17,11,41.5224122429277
"SACO-3",0.056,-114.925999,43.8231681,-115.1945466,44.0520225,18,11,33.3531395064948
"SACO-3",0.057,-114.7247969,43.732877,-115.1945466,44.0520225,19,11,51.7904032363289
"SACO-3",0.045,-114.7235079,43.7661309,-115.1945466,44.0520225,20,11,49.395644407535
"SACO-3",0.049,-115.257,43.7146687,-115.5790054,43.5979447,13,12,29.0069772495547
"SACO-3",0.036,-114.9733879,43.6233573,-115.5790054,43.5979447,14,12,48.8946697473218
"SACO-3",0.122,-114.9332194,43.5347005,-115.5790054,43.5979447,15,12,52.5623000326374
"SACO-3",0.04,-114.9691623,43.5383646,-115.5790054,43.5979447,16,12,49.6331943732494
"SACO-3",0.138,-114.8656821,43.763935,-115.5790054,43.5979447,17,12,60.3260882477767
"SACO-3",0.06,-114.925999,43.8231681,-115.5790054,43.5979447,18,12,58.2197033478975
"SACO-3",0.049,-114.7247969,43.732877,-115.5790054,43.5979447,19,12,70.4071679530682
"SACO-3",0.015,-114.7235079,43.7661309,-115.5790054,43.5979447,20,12,71.3704154996519
"SACO-3",0.132,-114.9733879,43.6233573,-115.257,43.7146687,14,13,24.9969818202901
"SACO-3",0.141,-114.9332194,43.5347005,-115.257,43.7146687,15,13,32.8949936647413
"SACO-3",0.022,-114.9691623,43.5383646,-115.257,43.7146687,16,13,30.3829928749674
"SACO-3",0.165,-114.8656821,43.763935,-115.257,43.7146687,17,13,31.9469730544543
"SACO-3",0.064,-114.925999,43.8231681,-115.257,43.7146687,18,13,29.2213504098092
"SACO-3",0.062,-114.7247969,43.732877,-115.257,43.7146687,19,13,42.862775554678
"SACO-3",0.073,-114.7235079,43.7661309,-115.257,43.7146687,20,13,43.2873538500781
"SACO-3",0.097,-114.9332194,43.5347005,-114.9733879,43.6233573,15,14,10.3872367457914
"SACO-3",0.079,-114.9691623,43.5383646,-114.9733879,43.6233573,16,14,9.46747824087854
"SACO-3",0.119,-114.8656821,43.763935,-114.9733879,43.6233573,17,14,17.8898248778511
"SACO-3",0.079,-114.925999,43.8231681,-114.9733879,43.6233573,18,14,22.5671901664284
"SACO-3",0.048,-114.7247969,43.732877,-114.9733879,43.6233573,19,14,23.4349296929042
"SACO-3",0.021,-114.7235079,43.7661309,-114.9733879,43.6233573,20,14,25.6339988851946
"SACO-3",0.078,-114.9691623,43.5383646,-114.9332194,43.5347005,16,15,2.92911011158391
"SACO-3",0.051,-114.8656821,43.763935,-114.9332194,43.5347005,17,15,26.0916773787029
"SACO-3",0.041,-114.925999,43.8231681,-114.9332194,43.5347005,18,15,32.1173273614386
"SACO-3",0.027,-114.7247969,43.732877,-114.9332194,43.5347005,19,15,27.724861854967
"SACO-3",0.092,-114.7235079,43.7661309,-114.9332194,43.5347005,20,15,30.8065270339528
"SACO-3",0.156,-114.8656821,43.763935,-114.9691623,43.5383646,17,16,26.4575425945776
"SACO-3",0.015,-114.925999,43.8231681,-114.9691623,43.5383646,18,16,31.8940430261364
"SACO-3",0.038,-114.7247969,43.732877,-114.9691623,43.5383646,19,16,29.2652993780422
"SACO-3",0.042,-114.7235079,43.7661309,-114.9691623,43.5383646,20,16,32.1613802238725
"SACO-3",0.135,-114.925999,43.8231681,-114.8656821,43.763935,18,17,8.1834646023928
"SACO-3",0.043,-114.7247969,43.732877,-114.8656821,43.763935,19,17,11.8451262309982
"SACO-3",0.129,-114.7235079,43.7661309,-114.8656821,43.763935,20,17,11.4324210597802
"SACO-3",0.039,-114.7247969,43.732877,-114.925999,43.8231681,19,18,19.040750276463
"SACO-3",0.025,-114.7235079,43.7661309,-114.925999,43.8231681,20,18,17.4657689959718
"SACO-3",0.043,-114.7235079,43.7661309,-114.7247969,43.732877,20,19,3.70325811882364
"SACO-6",0.071,-113.800937,45.9730667,-113.6394692,45.9354903,2,1,13.1779666248003
"SACO-6",0.045,-113.808773,45.8583098,-113.6394692,45.9354903,3,1,15.6798861177393
"SACO-6",0.041,-113.7181,45.9466,-113.6394692,45.9354903,4,1,6.21128477788709
"SACO-6",0.103,-113.6952877,45.8790238,-113.6394692,45.9354903,5,1,7.62923543905315
"SACO-6",0.043,-113.5985506,45.9255063,-113.6394692,45.9354903,6,1,3.35745811001998
"SACO-6",0.068,-113.7639758,45.8542137,-113.6394692,45.9354903,7,1,13.2253714317699
"SACO-6",0.124,-113.8643046,45.8115087,-113.6394692,45.9354903,8,1,22.2294479403227
"SACO-6",0.045,-114.0665407,45.7989586,-113.6394692,45.9354903,9,1,36.4263725934336
"SACO-6",0.016,-113.9571169,45.8422629,-113.6394692,45.9354903,10,1,26.7111516986653
"SACO-6",0.083,-114.4781,45.7563,-113.6394692,45.9354903,11,1,68.0210257909349
"SACO-6",0.087,-114.4746091,45.7335192,-113.6394692,45.9354903,12,1,68.564145416025
"SACO-6",0.088,-114.2136926,45.6932871,-113.6394692,45.9354903,13,1,52.0757351771093
"SACO-6",0.08,-113.8830046,46.1906065,-113.6394692,45.9354903,14,1,34.0642446456247
"SACO-6",0.073,-114.0277859,46.1635144,-113.6394692,45.9354903,15,1,39.2987648659849
"SACO-6",0.097,-113.9552402,46.4713981,-113.6394692,45.9354903,16,1,64.4267318796046
"SACO-6",0.24,-113.9948846,46.2937087,-113.6394692,45.9354903,17,1,48.3980988496226
"SACO-6",0.082,-113.808773,45.8583098,-113.800937,45.9730667,3,2,12.7890865545802
"SACO-6",0.059,-113.7181,45.9466,-113.800937,45.9730667,4,2,7.05500218269101
"SACO-6",0.12,-113.6952877,45.8790238,-113.800937,45.9730667,5,2,13.2860533975022
"SACO-6",0.067,-113.5985506,45.9255063,-113.800937,45.9730667,6,2,16.5351946663082
"SACO-6",0.098,-113.7639758,45.8542137,-113.800937,45.9730667,7,2,13.536797534147
"SACO-6",0.165,-113.8643046,45.8115087,-113.800937,45.9730667,8,2,18.6426695891921
"SACO-6",0.09,-114.0665407,45.7989586,-113.800937,45.9730667,9,2,28.270641387734
"SACO-6",0.056,-113.9571169,45.8422629,-113.800937,45.9730667,10,2,18.9306444151
"SACO-6",0.14,-114.4781,45.7563,-113.800937,45.9730667,11,2,57.7726748337702
"SACO-6",0.122,-114.4746091,45.7335192,-113.800937,45.9730667,12,2,58.6453600834029
"SACO-6",0.114,-114.2136926,45.6932871,-113.800937,45.9730667,13,2,44.6642694830759
"SACO-6",0.111,-113.8830046,46.1906065,-113.800937,45.9730667,14,2,25.0317795561431
"SACO-6",0.109,-114.0277859,46.1635144,-113.800937,45.9730667,15,2,27.5031598449464
"SACO-6",0.133,-113.9552402,46.4713981,-113.800937,45.9730667,16,2,56.7326396505594
"SACO-6",0.284,-113.9948846,46.2937087,-113.800937,45.9730667,17,2,38.7025426654295
"SACO-6",0.032,-113.7181,45.9466,-113.808773,45.8583098,4,3,12.0803328861645
"SACO-6",0.073,-113.6952877,45.8790238,-113.808773,45.8583098,5,3,9.09371679722896
"SACO-6",0.047,-113.5985506,45.9255063,-113.808773,45.8583098,6,3,17.9235577775875
"SACO-6",0.043,-113.7639758,45.8542137,-113.808773,45.8583098,7,3,3.50291573532598
"SACO-6",0.105,-113.8643046,45.8115087,-113.808773,45.8583098,8,3,6.75966188596029
"SACO-6",0.041,-114.0665407,45.7989586,-113.808773,45.8583098,9,3,21.0578730411512
"SACO-6",0.019,-113.9571169,45.8422629,-113.808773,45.8583098,10,3,11.6401706882113
"SACO-6",0.076,-114.4781,45.7563,-113.808773,45.8583098,11,3,53.1650840047738
"SACO-6",0.074,-114.4746091,45.7335192,-113.808773,45.8583098,12,3,53.5124024268503
"SACO-6",0.078,-114.2136926,45.6932871,-113.808773,45.8583098,13,3,36.4122375709386
"SACO-6",0.066,-113.8830046,46.1906065,-113.808773,45.8583098,14,3,37.4334404050542
"SACO-6",0.059,-114.0277859,46.1635144,-113.808773,45.8583098,15,3,37.9608917346101
"SACO-6",0.095,-113.9552402,46.4713981,-113.808773,45.8583098,16,3,69.1765452072617
"SACO-6",0.212,-113.9948846,46.2937087,-113.808773,45.8583098,17,3,50.5542833424572
"SACO-6",0.073,-113.6952877,45.8790238,-113.7181,45.9466,5,4,7.72725172952856
"SACO-6",0.048,-113.5985506,45.9255063,-113.7181,45.9466,6,4,9.54854004756416
"SACO-6",0.06,-113.7639758,45.8542137,-113.7181,45.9466,7,4,10.8811335516389
"SACO-6",0.116,-113.8643046,45.8115087,-113.7181,45.9466,8,4,18.8290015404661
"SACO-6",0.038,-114.0665407,45.7989586,-113.7181,45.9466,9,4,31.614355728435
"SACO-6",0.018,-113.9571169,45.8422629,-113.7181,45.9466,10,4,21.8592006353873
"SACO-6",0.098,-114.4781,45.7563,-113.7181,45.9466,11,4,62.6194324570908
"SACO-6",0.102,-114.4746091,45.7335192,-113.7181,45.9466,12,4,63.2822846914399
"SACO-6",0.089,-114.2136926,45.6932871,-113.7181,45.9466,13,4,47.6803406000189
"SACO-6",0.072,-113.8830046,46.1906065,-113.7181,45.9466,14,4,30.0003008116638
"SACO-6",0.075,-114.0277859,46.1635144,-113.7181,45.9466,15,4,33.9914061159293
"SACO-6",0.096,-113.9552402,46.4713981,-113.7181,45.9466,16,4,61.2098990597269
"SACO-6",0.244,-113.9948846,46.2937087,-113.7181,45.9466,17,4,44.1492910333869
"SACO-6",0.095,-113.5985506,45.9255063,-113.6952877,45.8790238,6,5,9.10666423236904
"SACO-6",0.085,-113.7639758,45.8542137,-113.6952877,45.8790238,7,5,5.99806208965258
"SACO-6",0.188,-113.8643046,45.8115087,-113.6952877,45.8790238,8,5,15.1084208453767
"SACO-6",0.106,-114.0665407,45.7989586,-113.6952877,45.8790238,9,5,30.1399869848371
"SACO-6",0.071,-113.9571169,45.8422629,-113.6952877,45.8790238,10,5,20.7063192224559
"SACO-6",0.156,-114.4781,45.7563,-113.6952877,45.8790238,11,5,62.2505796403954
"SACO-6",0.161,-114.4746091,45.7335192,-113.6952877,45.8790238,12,5,62.6061120595441
"SACO-6",0.139,-114.2136926,45.6932871,-113.6952877,45.8790238,13,5,45.2431277372992
"SACO-6",0.119,-113.8830046,46.1906065,-113.6952877,45.8790238,14,5,37.5966851925668
"SACO-6",0.119,-114.0277859,46.1635144,-113.6952877,45.8790238,15,5,40.7863609848024
"SACO-6",0.136,-113.9552402,46.4713981,-113.6952877,45.8790238,16,5,68.9199848637236
"SACO-6",0.3,-113.9948846,46.2937087,-113.6952877,45.8790238,17,5,51.6335749639396
"SACO-6",0.065,-113.7639758,45.8542137,-113.5985506,45.9255063,7,6,15.0756458292269
"SACO-6",0.147,-113.8643046,45.8115087,-113.5985506,45.9255063,8,6,24.1944080075077
"SACO-6",0.041,-114.0665407,45.7989586,-113.5985506,45.9255063,9,6,38.9181906501611
"SACO-6",0.023,-113.9571169,45.8422629,-113.5985506,45.9255063,10,6,29.2901690232297
"SACO-6",0.089,-114.4781,45.7563,-113.5985506,45.9255063,11,6,70.7625328380883
"SACO-6",0.097,-114.4746091,45.7335192,-113.5985506,45.9255063,12,6,71.2343250057292
"SACO-6",0.089,-114.2136926,45.6932871,-113.5985506,45.9255063,13,6,54.2822458928147
"SACO-6",0.086,-113.8830046,46.1906065,-113.5985506,45.9255063,14,6,36.792894320394
"SACO-6",0.082,-114.0277859,46.1635144,-113.5985506,45.9255063,15,6,42.4491654244493
"SACO-6",0.102,-113.9552402,46.4713981,-113.5985506,45.9255063,16,6,66.6941344577404
"SACO-6",0.227,-113.9948846,46.2937087,-113.5985506,45.9255063,17,6,51.1428876568145
"SACO-6",0.148,-113.8643046,45.8115087,-113.7639758,45.8542137,8,7,9.11892885919766
"SACO-6",0.066,-114.0665407,45.7989586,-113.7639758,45.8542137,9,7,24.2628755707988
"SACO-6",0.03,-113.9571169,45.8422629,-113.7639758,45.8542137,10,7,15.0352928044626
"SACO-6",0.106,-114.4781,45.7563,-113.7639758,45.8542137,11,7,56.4781014424319
"SACO-6",0.091,-114.4746091,45.7335192,-113.7639758,45.8542137,12,7,56.7695395257258
"SACO-6",0.1,-114.2136926,45.6932871,-113.7639758,45.8542137,13,7,39.2452211552303
"SACO-6",0.092,-113.8830046,46.1906065,-113.7639758,45.8542137,14,7,38.5607881461403
"SACO-6",0.078,-114.0277859,46.1635144,-113.7639758,45.8542137,15,7,40.019201154079
"SACO-6",0.13,-113.9552402,46.4713981,-113.7639758,45.8542137,16,7,70.2693796836653
"SACO-6",0.262,-113.9948846,46.2937087,-113.7639758,45.8542137,17,7,52.0727255492931
"SACO-6",0.113,-114.0665407,45.7989586,-113.8643046,45.8115087,9,8,15.7557353795179
"SACO-6",0.106,-113.9571169,45.8422629,-113.8643046,45.8115087,10,8,7.97204623201813
"SACO-6",0.131,-114.4781,45.7563,-113.8643046,45.8115087,11,8,48.0438166525473
"SACO-6",0.126,-114.4746091,45.7335192,-113.8643046,45.8115087,12,8,48.1764937150264
"SACO-6",0.122,-114.2136926,45.6932871,-113.8643046,45.8115087,13,8,30.1610723425169
"SACO-6",0.105,-113.8830046,46.1906065,-113.8643046,45.8115087,14,8,42.2257405778953
"SACO-6",0.093,-114.0277859,46.1635144,-113.8643046,45.8115087,15,8,41.1747250619407
"SACO-6",0.143,-113.9552402,46.4713981,-113.8643046,45.8115087,16,8,73.7926297171794
"SACO-6",0.212,-113.9948846,46.2937087,-113.8643046,45.8115087,17,8,54.6179546354319
"SACO-6",0.02,-113.9571169,45.8422629,-114.0665407,45.7989586,10,9,9.76226748040335
"SACO-6",0.074,-114.4781,45.7563,-114.0665407,45.7989586,11,9,32.304044914811
"SACO-6",0.083,-114.4746091,45.7335192,-114.0665407,45.7989586,12,9,32.5150765811906
"SACO-6",0.071,-114.2136926,45.6932871,-114.0665407,45.7989586,13,9,16.4026700933594
"SACO-6",0.063,-113.8830046,46.1906065,-114.0665407,45.7989586,14,9,45.8503639232261
"SACO-6",0.061,-114.0277859,46.1635144,-114.0665407,45.7989586,15,9,40.692743772356
"SACO-6",0.093,-113.9552402,46.4713981,-114.0665407,45.7989586,16,9,75.3463669242182
"SACO-6",0.239,-113.9948846,46.2937087,-114.0665407,45.7989586,17,9,55.3528987454564
"SACO-6",0.07,-114.4781,45.7563,-113.9571169,45.8422629,11,10,41.5498943885855
"SACO-6",0.071,-114.4746091,45.7335192,-113.9571169,45.8422629,12,10,41.9545359481722
"SACO-6",0.068,-114.2136926,45.6932871,-113.9571169,45.8422629,13,10,25.9226710647627
"SACO-6",0.06,-113.8830046,46.1906065,-113.9571169,45.8422629,14,10,39.1983931335771
"SACO-6",0.054,-114.0277859,46.1635144,-113.9571169,45.8422629,15,10,36.1766347161234
"SACO-6",0.081,-113.9552402,46.4713981,-113.9571169,45.8422629,16,10,70.0351596043078
"SACO-6",0.224,-113.9948846,46.2937087,-113.9571169,45.8422629,17,10,50.3392981679229
"SACO-6",0.041,-114.4746091,45.7335192,-114.4781,45.7563,12,11,2.55040611277441
"SACO-6",0.046,-114.2136926,45.6932871,-114.4781,45.7563,13,11,21.7121329333867
"SACO-6",0.042,-113.8830046,46.1906065,-114.4781,45.7563,14,11,66.7612153221155
"SACO-6",0.042,-114.0277859,46.1635144,-114.4781,45.7563,15,11,57.1770836343308
"SACO-6",0.063,-113.9552402,46.4713981,-114.4781,45.7563,16,11,89.245708692134
"SACO-6",0.215,-113.9948846,46.2937087,-114.4781,45.7563,17,11,70.5256671489214
"SACO-6",0.05,-114.2136926,45.6932871,-114.4746091,45.7335192,13,12,20.7692865935696
"SACO-6",0.066,-113.8830046,46.1906065,-114.4746091,45.7335192,14,12,68.4453261224117
"SACO-6",0.054,-114.0277859,46.1635144,-114.4746091,45.7335192,15,12,59.0533514085307
"SACO-6",0.098,-113.9552402,46.4713981,-114.4746091,45.7335192,16,12,91.4000289344555
"SACO-6",0.208,-113.9948846,46.2937087,-114.4746091,45.7335192,17,12,72.5548255456949
"SACO-6",0.05,-113.8830046,46.1906065,-114.2136926,45.6932871,14,13,60.9930164613376
"SACO-6",0.046,-114.0277859,46.1635144,-114.2136926,45.6932871,15,13,54.2885470673842
"SACO-6",0.079,-113.9552402,46.4713981,-114.2136926,45.6932871,16,13,88.887891433364
"SACO-6",0.221,-113.9948846,46.2937087,-114.2136926,45.6932871,17,13,68.9474546760981
"SACO-6",0.009,-114.0277859,46.1635144,-113.8830046,46.1906065,15,14,11.5602410582933
"SACO-6",0.03,-113.9552402,46.4713981,-113.8830046,46.1906065,16,14,31.7468901643134
"SACO-6",0.195,-113.9948846,46.2937087,-113.8830046,46.1906065,17,14,14.3500019738609
"SACO-6",0.057,-113.9552402,46.4713981,-114.0277859,46.1635144,16,15,34.724332946521
"SACO-6",0.179,-113.9948846,46.2937087,-114.0277859,46.1635144,17,15,14.7129659114133
"SACO-6",0.209,-113.9948846,46.2937087,-113.9552402,46.4713981,17,16,20.0132041384858
"SACO-1",0.241,-114.302978,48.963626,-114.177208,48.97542,2,1,9.28417196614538
"SACO-1",0.385,-114.198573,48.880076,-114.177208,48.97542,3,1,10.728055255936
"SACO-1",0.377,-114.154136,48.8738,-114.177208,48.97542,4,1,11.4374665221492
"SACO-1",0.485,-114.056863,48.872593,-114.177208,48.97542,5,1,14.4398378009713
"SACO-1",0.45,-114.095342,48.829246,-114.177208,48.97542,6,1,17.3397018818809
"SACO-1",0.514,-114.14125,48.822867,-114.177208,48.97542,7,1,17.1847823280908
"SACO-1",0.411,-114.172885,48.807212,-114.177208,48.97542,8,1,18.727501975805
"SACO-1",0.396,-114.07718,48.755303,-114.177208,48.97542,9,1,25.5747421467256
"SACO-1",0.615,-113.885388,48.706587,-114.177208,48.97542,10,1,36.77899814402
"SACO-1",0.561,-113.909754,48.680406,-114.177208,48.97542,11,1,38.2449955860171
"SACO-1",0.297,-113.917419,48.583148,-114.177208,48.97542,12,1,47.6446210289557
"SACO-1",0.349,-113.770487,48.590829,-114.177208,48.97542,13,1,52.181296970056
"SACO-1",0.55,-113.770215,48.517693,-114.177208,48.97542,14,1,59.0657782634027
"SACO-1",0.421,-113.493614,48.422121,-114.177208,48.97542,15,1,79.4744665584419
"SACO-1",0.561,-113.507906,48.421006,-114.177208,48.97542,16,1,78.9124593446584
"SACO-1",0.081,-114.198573,48.880076,-114.302978,48.963626,3,2,12.0343546556272
"SACO-1",0.068,-114.154136,48.8738,-114.302978,48.963626,4,2,14.7829527288133
"SACO-1",0.175,-114.056863,48.872593,-114.302978,48.963626,5,2,20.6598791265559
"SACO-1",0.145,-114.095342,48.829246,-114.302978,48.963626,6,2,21.3232503155918
"SACO-1",0.175,-114.14125,48.822867,-114.302978,48.963626,7,2,19.6374670596558
"SACO-1",0.104,-114.172885,48.807212,-114.302978,48.963626,8,2,19.8458765950603
"SACO-1",0.088,-114.07718,48.755303,-114.302978,48.963626,9,2,28.4827256954036
"SACO-1",0.357,-113.885388,48.706587,-114.302978,48.963626,10,2,41.892455906927
"SACO-1",0.333,-113.909754,48.680406,-114.302978,48.963626,11,2,42.7155580494053
"SACO-1",0.006,-113.917419,48.583148,-114.302978,48.963626,12,2,50.9313359123243
"SACO-1",0.059,-113.770487,48.590829,-114.302978,48.963626,13,2,56.9918379990595
"SACO-1",0.301,-113.770215,48.517693,-114.302978,48.963626,14,2,63.1970001117333
"SACO-1",0.205,-113.493614,48.422121,-114.302978,48.963626,15,2,84.6793383604043
"SACO-1",0.275,-113.507906,48.421006,-114.302978,48.963626,16,2,84.0347390811818
"SACO-1",0.138,-114.154136,48.8738,-114.198573,48.880076,4,3,3.32751063388229
"SACO-1",0.244,-114.056863,48.872593,-114.198573,48.880076,5,3,10.4084448472541
"SACO-1",0.202,-114.095342,48.829246,-114.198573,48.880076,6,3,9.44395226137303
"SACO-1",0.243,-114.14125,48.822867,-114.198573,48.880076,7,3,7.62811821271994
"SACO-1",0.167,-114.172885,48.807212,-114.198573,48.880076,8,3,8.32664177685817
"SACO-1",0.165,-114.07718,48.755303,-114.198573,48.880076,9,3,16.4953648731909
"SACO-1",0.368,-113.885388,48.706587,-114.198573,48.880076,10,3,30.0079393485226
"SACO-1",0.352,-113.909754,48.680406,-114.198573,48.880076,11,3,30.7065148230191
"SACO-1",0.106,-113.917419,48.583148,-114.198573,48.880076,12,3,38.970705782656
"SACO-1",0.132,-113.770487,48.590829,-114.198573,48.880076,13,3,44.9953565204704
"SACO-1",0.345,-113.770215,48.517693,-114.198573,48.880076,14,3,51.1648852041946
"SACO-1",0.265,-113.493614,48.422121,-114.198573,48.880076,15,3,72.7092938057143
"SACO-1",0.333,-113.507906,48.421006,-114.198573,48.880076,16,3,72.0520220676385
"SACO-1",0.212,-114.056863,48.872593,-114.154136,48.8738,5,4,7.12339280511771
"SACO-1",0.163,-114.095342,48.829246,-114.154136,48.8738,6,4,6.56856434510842
"SACO-1",0.21,-114.14125,48.822867,-114.154136,48.8738,7,4,5.74787668661071
"SACO-1",0.126,-114.172885,48.807212,-114.154136,48.8738,8,4,7.53874802456222
"SACO-1",0.148,-114.07718,48.755303,-114.154136,48.8738,9,4,14.3466296401282
"SACO-1",0.335,-113.885388,48.706587,-114.154136,48.8738,10,4,27.1101020138423
"SACO-1",0.313,-113.909754,48.680406,-114.154136,48.8738,11,4,28.0155332741246
"SACO-1",0.073,-113.917419,48.583148,-114.154136,48.8738,12,4,36.728623690123
"SACO-1",0.162,-113.770487,48.590829,-114.154136,48.8738,13,4,42.2580703312379
"SACO-1",0.322,-113.770215,48.517693,-114.154136,48.8738,14,4,48.654084888963
"SACO-1",0.319,-113.493614,48.422121,-114.154136,48.8738,15,4,69.914447011883
"SACO-1",0.363,-113.507906,48.421006,-114.154136,48.8738,16,4,69.2788465804766
"SACO-1",0.005,-114.095342,48.829246,-114.056863,48.872593,6,5,5.5882641658709
"SACO-1",0.001,-114.14125,48.822867,-114.056863,48.872593,7,5,8.29794582219118
"SACO-1",0.058,-114.172885,48.807212,-114.056863,48.872593,8,5,11.190667263745
"SACO-1",0.154,-114.07718,48.755303,-114.056863,48.872593,9,5,13.1413297783864
"SACO-1",0.524,-113.885388,48.706587,-114.056863,48.872593,10,5,22.3529604378565
"SACO-1",0.503,-113.909754,48.680406,-114.056863,48.872593,11,5,23.9619025660568
"SACO-1",0.192,-113.917419,48.583148,-114.056863,48.872593,12,5,33.8087138297935
"SACO-1",0.227,-113.770487,48.590829,-114.056863,48.872593,13,5,37.7617329646429
"SACO-1",0.396,-113.770215,48.517693,-114.056863,48.872593,14,5,44.7709880259849
"SACO-1",0.343,-113.493614,48.422121,-114.056863,48.872593,15,5,65.0437950570661
"SACO-1",0.375,-113.507906,48.421006,-114.056863,48.872593,16,5,64.4764589308227
"SACO-1",0.012,-114.14125,48.822867,-114.095342,48.829246,7,6,3.43857556151137
"SACO-1",0.048,-114.172885,48.807212,-114.095342,48.829246,8,6,6.19044044841855
"SACO-1",0.121,-114.07718,48.755303,-114.095342,48.829246,9,6,8.33836297980011
"SACO-1",0.482,-113.885388,48.706587,-114.095342,48.829246,10,6,20.5850827059155
"SACO-1",0.458,-113.909754,48.680406,-114.095342,48.829246,11,6,21.4485889787428
"SACO-1",0.159,-113.917419,48.583148,-114.095342,48.829246,12,6,30.3537863358576
"SACO-1",0.198,-113.770487,48.590829,-114.095342,48.829246,13,6,35.6905938394075
"SACO-1",0.351,-113.770215,48.517693,-114.095342,48.829246,14,6,42.1193352452915
"SACO-1",0.307,-113.493614,48.422121,-114.095342,48.829246,15,6,63.3576981923857
"SACO-1",0.338,-113.507906,48.421006,-114.095342,48.829246,16,6,62.7175816511882
"SACO-1",0.063,-114.172885,48.807212,-114.14125,48.822867,8,7,2.90077728578532
"SACO-1",0.168,-114.07718,48.755303,-114.14125,48.822867,9,7,8.86839609553678
"SACO-1",0.568,-113.885388,48.706587,-114.14125,48.822867,10,7,22.804060752201
"SACO-1",0.541,-113.909754,48.680406,-114.14125,48.822867,11,7,23.24186379939
"SACO-1",0.202,-113.917419,48.583148,-114.14125,48.822867,12,7,31.3451310319997
"SACO-1",0.245,-113.770487,48.590829,-114.14125,48.822867,13,7,37.5371184001271
"SACO-1",0.43,-113.770215,48.517693,-114.14125,48.822867,14,7,43.5669296068034
"SACO-1",0.371,-113.493614,48.422121,-114.14125,48.822867,15,7,65.2773780460225
"SACO-1",0.412,-113.507906,48.421006,-114.14125,48.822867,16,7,64.5998996922186
"SACO-1",0.124,-114.07718,48.755303,-114.172885,48.807212,9,8,9.09251867648169
"SACO-1",0.413,-113.885388,48.706587,-114.172885,48.807212,10,8,23.8879299744834
"SACO-1",0.392,-113.909754,48.680406,-114.172885,48.807212,11,8,23.9239466215205
"SACO-1",0.118,-113.917419,48.583148,-114.172885,48.807212,12,8,31.2168454922108
"SACO-1",0.172,-113.770487,48.590829,-114.172885,48.807212,13,8,38.1353818382143
"SACO-1",0.34,-113.770215,48.517693,-114.172885,48.807212,14,8,43.7636601815433
"SACO-1",0.284,-113.493614,48.422121,-114.172885,48.807212,15,8,65.8539687758793
"SACO-1",0.322,-113.507906,48.421006,-114.172885,48.807212,16,8,65.1413854794753
"SACO-1",0.454,-113.885388,48.706587,-114.07718,48.755303,10,9,15.0905883792948
"SACO-1",0.43,-113.909754,48.680406,-114.07718,48.755303,11,9,14.8566498745684
"SACO-1",0.116,-113.917419,48.583148,-114.07718,48.755303,12,9,22.4768969511481
"SACO-1",0.159,-113.770487,48.590829,-114.07718,48.755303,13,9,29.0431586944963
"SACO-1",0.326,-113.770215,48.517693,-114.07718,48.755303,14,9,34.7786497365771
"SACO-1",0.283,-113.493614,48.422121,-114.07718,48.755303,15,9,56.7628566730081
"SACO-1",0.333,-113.507906,48.421006,-114.07718,48.755303,16,9,56.0531209234693
"SACO-1",0.015,-113.909754,48.680406,-113.885388,48.706587,11,10,3.42047942473836
"SACO-1",0.385,-113.917419,48.583148,-113.885388,48.706587,12,10,13.9416657930228
"SACO-1",0.454,-113.770487,48.590829,-113.885388,48.706587,13,10,15.4098306568392
"SACO-1",0.641,-113.770215,48.517693,-113.885388,48.706587,14,10,22.6718416221076
"SACO-1",0.562,-113.493614,48.422121,-113.885388,48.706587,15,10,42.8456795338187
"SACO-1",0.658,-113.507906,48.421006,-113.885388,48.706587,16,10,42.2371857749211
"SACO-1",0.364,-113.917419,48.583148,-113.909754,48.680406,12,11,10.841387158649
"SACO-1",0.429,-113.770487,48.590829,-113.909754,48.680406,13,11,14.2967679803864
"SACO-1",0.621,-113.770215,48.517693,-113.909754,48.680406,14,11,20.8233475714335
"SACO-1",0.542,-113.493614,48.422121,-113.909754,48.680406,15,11,42.035543190088
"SACO-1",0.625,-113.507906,48.421006,-113.909754,48.680406,16,11,41.3603742643287
"SACO-1",0.078,-113.770487,48.590829,-113.917419,48.583148,13,12,10.8531964541533
"SACO-1",0.318,-113.770215,48.517693,-113.917419,48.583148,14,12,13.0673809449685
"SACO-1",0.219,-113.493614,48.422121,-113.917419,48.583148,15,12,36.0341495141552
"SACO-1",0.297,-113.507906,48.421006,-113.917419,48.583148,16,12,35.1873902991059
"SACO-1",0.311,-113.770215,48.517693,-113.770487,48.590829,14,13,8.1414869473059
"SACO-1",0.226,-113.493614,48.422121,-113.770487,48.590829,15,13,27.7433085897497
"SACO-1",0.306,-113.507906,48.421006,-113.770487,48.590829,16,13,27.0636126487005
"SACO-1",0.431,-113.493614,48.422121,-113.770215,48.517693,15,14,23.0207736887424
"SACO-1",0.52,-113.507906,48.421006,-113.770215,48.517693,16,14,22.1509512483353
"SACO-1",0.216,-113.507906,48.421006,-113.493614,48.422121,16,15,1.06311485818472
"SACO-2",0.0505,-114.528756207,49.3714494327,-114.575124653,49.3865430902,2,1,3.75717956567366
"SACO-2",0.0497,-114.582508406,49.3988838516,-114.575124653,49.3865430902,3,1,1.47426167755675
"SACO-2",0.114,-114.343697115,49.20009722,-114.575124653,49.3865430902,4,1,26.7034576882836
"SACO-2",0.0613,-114.22821111111,49.22233722222,-114.575124653,49.3865430902,5,1,31.1158122074619
"SACO-2",0.1455,-114.167923658,49.2403440199,-114.575124653,49.3865430902,6,1,33.7362779685641
"SACO-2",0.1962,-114.475063944,49.8308965814,-114.575124653,49.3865430902,7,1,49.9890343890385
"SACO-2",0.1869,-114.628250336,49.7554778509,-114.575124653,49.3865430902,8,1,41.2483097582614
"SACO-2",0.2398,-114.648549794,49.837814845,-114.575124653,49.3865430902,9,1,50.5137443861575
"SACO-2",0.0998,-114.672679477,49.9670983873,-114.575124653,49.3865430902,10,1,65.0080440388162
"SACO-2",0.1232,-114.649327961,49.9713208521,-114.575124653,49.3865430902,11,1,65.3162161151749
"SACO-2",0.1674,-114.44437222222,50.10141111111,-114.575124653,49.3865430902,12,1,80.1326249548067
"SACO-2",0.1775,-114.47625972222,50.18327611111,-114.575124653,49.3865430902,13,1,88.9760902487223
"SACO-2",0.0742,-114.582508406,49.3988838516,-114.528756207,49.3714494327,3,2,4.94968186847143
"SACO-2",0.0787,-114.343697115,49.20009722,-114.528756207,49.3714494327,4,2,23.3327357969552
"SACO-2",0.0484,-114.22821111111,49.22233722222,-114.528756207,49.3714494327,5,2,27.4147260809095
"SACO-2",0.1327,-114.167923658,49.2403440199,-114.528756207,49.3714494327,6,2,29.9820520619856
"SACO-2",0.1873,-114.475063944,49.8308965814,-114.528756207,49.3714494327,7,2,51.2919050351228
"SACO-2",0.1891,-114.628250336,49.7554778509,-114.528756207,49.3714494327,8,2,43.3492132852959
"SACO-2",0.2359,-114.648549794,49.837814845,-114.528756207,49.3714494327,9,2,52.6299250268079
"SACO-2",0.1357,-114.672679477,49.9670983873,-114.528756207,49.3714494327,10,2,67.1131560830138
"SACO-2",0.1576,-114.649327961,49.9713208521,-114.528756207,49.3714494327,11,2,67.3399368640631
"SACO-2",0.1698,-114.44437222222,50.10141111111,-114.528756207,49.3714494327,12,2,81.4854270971027
"SACO-2",0.1992,-114.47625972222,50.18327611111,-114.528756207,49.3714494327,13,2,90.4508828746182
"SACO-2",0.1051,-114.343697115,49.20009722,-114.582508406,49.3988838516,4,3,28.1107254715202
"SACO-2",0.0452,-114.22821111111,49.22233722222,-114.582508406,49.3988838516,5,3,32.3638085460351
"SACO-2",0.0688,-114.167923658,49.2403440199,-114.582508406,49.3988838516,6,3,34.8779145298147
"SACO-2",0.1627,-114.475063944,49.8308965814,-114.582508406,49.3988838516,7,3,48.7118135427843
"SACO-2",0.1645,-114.628250336,49.7554778509,-114.582508406,49.3988838516,8,3,39.8329369543698
"SACO-2",0.1883,-114.648549794,49.837814845,-114.582508406,49.3988838516,9,3,49.0931659277141
"SACO-2",0.0561,-114.672679477,49.9670983873,-114.582508406,49.3988838516,10,3,63.5858860139343
"SACO-2",0.0842,-114.649327961,49.9713208521,-114.582508406,49.3988838516,11,3,63.9048536109496
"SACO-2",0.1145,-114.44437222222,50.10141111111,-114.582508406,49.3988838516,12,3,78.8335442207212
"SACO-2",0.1142,-114.47625972222,50.18327611111,-114.582508406,49.3988838516,13,3,87.6513334526672
"SACO-2",0.0672,-114.22821111111,49.22233722222,-114.343697115,49.20009722,5,4,8.75567662261761
"SACO-2",0.1686,-114.167923658,49.2403440199,-114.343697115,49.20009722,6,4,13.542806856263
"SACO-2",0.2878,-114.475063944,49.8308965814,-114.343697115,49.20009722,7,4,70.8591760218869
"SACO-2",0.2827,-114.628250336,49.7554778509,-114.343697115,49.20009722,8,4,65.1603502800552
"SACO-2",0.3057,-114.648549794,49.837814845,-114.343697115,49.20009722,9,4,74.3302277225507
"SACO-2",0.1729,-114.672679477,49.9670983873,-114.343697115,49.20009722,10,4,88.6218227134601
"SACO-2",0.2181,-114.649327961,49.9713208521,-114.343697115,49.20009722,11,4,88.6402113742495
"SACO-2",0.2053,-114.44437222222,50.10141111111,-114.343697115,49.20009722,12,4,100.595803995854
"SACO-2",0.232,-114.47625972222,50.18327611111,-114.343697115,49.20009722,13,4,109.862450419495
"SACO-2",0.0622,-114.167923658,49.2403440199,-114.22821111111,49.22233722222,6,5,4.81910740665078
"SACO-2",0.1646,-114.475063944,49.8308965814,-114.22821111111,49.22233722222,7,5,70.0532385747921
"SACO-2",0.1612,-114.628250336,49.7554778509,-114.22821111111,49.22233722222,8,5,66.0233790564499
"SACO-2",0.1907,-114.648549794,49.837814845,-114.22821111111,49.22233722222,9,5,74.9437149296019
"SACO-2",0.1003,-114.672679477,49.9670983873,-114.22821111111,49.22233722222,10,5,88.8929561178072
"SACO-2",0.1304,-114.649327961,49.9713208521,-114.22821111111,49.22233722222,11,5,88.7401110725055
"SACO-2",0.1685,-114.44437222222,50.10141111111,-114.22821111111,49.22233722222,12,5,99.0897704887192
"SACO-2",0.1898,-114.47625972222,50.18327611111,-114.22821111111,49.22233722222,13,5,108.451520273037
"SACO-2",0.1907,-114.475063944,49.8308965814,-114.167923658,49.2403440199,7,6,69.3835279640672
"SACO-2",0.193,-114.628250336,49.7554778509,-114.167923658,49.2403440199,8,6,66.3022458572204
"SACO-2",0.2109,-114.648549794,49.837814845,-114.167923658,49.2403440199,9,6,75.0266432055805
"SACO-2",0.1349,-114.672679477,49.9670983873,-114.167923658,49.2403440199,10,6,88.7189017867332
"SACO-2",0.1612,-114.649327961,49.9713208521,-114.167923658,49.2403440199,11,6,88.4724236708219
"SACO-2",0.2284,-114.44437222222,50.10141111111,-114.167923658,49.2403440199,12,6,97.9005794125513
"SACO-2",0.2396,-114.47625972222,50.18327611111,-114.167923658,49.2403440199,13,6,107.287312948318
"SACO-2",0,-114.628250336,49.7554778509,-114.475063944,49.8308965814,8,7,13.8444292462333
"SACO-2",0.0559,-114.648549794,49.837814845,-114.475063944,49.8308965814,9,7,12.4802437764611
"SACO-2",0.1159,-114.672679477,49.9670983873,-114.475063944,49.8308965814,10,7,20.7526532775473
"SACO-2",0.0909,-114.649327961,49.9713208521,-114.475063944,49.8308965814,11,7,20.0120975628894
"SACO-2",0.2625,-114.44437222222,50.10141111111,-114.475063944,49.8308965814,12,7,30.1936259353987
"SACO-2",0.2863,-114.47625972222,50.18327611111,-114.475063944,49.8308965814,13,7,39.226803102422
"SACO-2",0.0601,-114.648549794,49.837814845,-114.628250336,49.7554778509,9,8,9.28105396651614
"SACO-2",0.1146,-114.672679477,49.9670983873,-114.628250336,49.7554778509,10,8,23.7722617015143
"SACO-2",0.1018,-114.649327961,49.9713208521,-114.628250336,49.7554778509,11,8,24.0750896376096
"SACO-2",0.275,-114.44437222222,50.10141111111,-114.628250336,49.7554778509,12,8,40.7011128050217
"SACO-2",0.2968,-114.47625972222,50.18327611111,-114.628250336,49.7554778509,13,8,48.8498684159809
"SACO-2",0.1502,-114.672679477,49.9670983873,-114.648549794,49.837814845,10,9,14.495395777516
"SACO-2",0.1527,-114.649327961,49.9713208521,-114.648549794,49.837814845,11,9,14.8619254506409
"SACO-2",0.3174,-114.44437222222,50.10141111111,-114.648549794,49.837814845,12,9,32.7834053635612
"SACO-2",0.3129,-114.47625972222,50.18327611111,-114.648549794,49.837814845,13,9,40.3834471425737
"SACO-2",0.0344,-114.649327961,49.9713208521,-114.672679477,49.9670983873,11,10,1.73679767309661
"SACO-2",0.159,-114.44437222222,50.10141111111,-114.672679477,49.9670983873,12,10,22.1370830134602
"SACO-2",0.1577,-114.47625972222,50.18327611111,-114.672679477,49.9670983873,13,10,27.8573497720738
"SACO-2",0.1547,-114.44437222222,50.10141111111,-114.649327961,49.9713208521,12,11,20.6026461151448
"SACO-2",0.1483,-114.47625972222,50.18327611111,-114.649327961,49.9713208521,13,11,26.6379109887937
"SACO-2",0.0419,-114.47625972222,50.18327611111,-114.44437222222,50.10141111111,13,12,9.39282812718953
"SACO-5",0.004,-123.5765,48.0505,-123.558,48.118,2,1,7.63897272840263
"SACO-5",0.004,-123.648,47.9365,-123.558,48.118,3,1,21.2865059180292
"SACO-5",0.072,-123.721,47.832,-123.558,48.118,4,1,34.0760036860429
"SACO-5",0.007,-123.648,47.9365,-123.5765,48.0505,3,2,13.7629388921276
"SACO-5",0.088,-123.721,47.832,-123.5765,48.0505,4,2,26.6033377131311
"SACO-5",0.072,-123.721,47.832,-123.648,47.9365,4,3,12.8461629538188
