Final_Prickly_Genotypes_683indiv,,,,,,,,,,,,,,,,,,,,,,
npops = 28,,,,,,,,,,,,,,,,,,,,,,
nloci = 11,,,,,,,,,,,,,,,,,,,,,,
,C316,,C318,,C6,,C65,,C78,,C8,,Cott582,,Cgo1114,,Cott207,,Lce219,,Lce275,
pop = Winchuck_Lagoon,,,,,,,,,,,,,,,,,,,,,,
13_001,272,272,264,285,190,190,222,222,174,198,245,255,200,200,138,140,315,319,232,238,307,307
13_002,272,272,258,258,190,190,222,222,182,182,255,255,200,200,136,166,319,321,253,256,307,307
13_003,272,272,264,270,190,190,222,222,174,182,253,253,200,200,138,140,315,315,244,244,307,307
13_004,272,272,267,270,190,190,222,222,198,198,255,255,200,200,140,140,313,319,250,250,307,307
13_005,272,272,246,264,190,190,222,222,174,182,255,257,200,204,136,136,313,323,244,265,307,307
13_006,272,272,264,267,190,190,222,222,174,182,253,255,200,200,136,138,315,321,244,244,307,307
13_007,272,272,264,276,190,190,222,222,174,182,255,255,200,200,136,138,315,319,232,265,307,307
13_008,272,272,?,?,190,190,222,222,174,182,255,257,200,200,138,138,317,321,253,259,307,307
13_009,?,?,258,267,190,196,222,222,182,182,253,255,200,200,136,138,317,319,256,262,307,307
13_010,272,272,285,285,190,196,222,222,182,182,253,255,200,200,138,140,317,319,259,265,307,307
13_020,272,281,264,264,190,196,222,222,182,198,255,257,200,200,138,138,315,317,265,265,307,307
pop = Smith,,,,,,,,,,,,,,,,,,,,,,
15_001,272,272,246,246,190,190,222,222,182,182,253,257,200,200,138,140,313,317,241,250,307,307
15_002,272,272,264,264,190,196,222,222,174,182,255,255,200,200,136,148,311,319,244,244,307,307
15_003,272,272,258,273,190,190,222,222,182,182,253,257,200,200,136,148,321,321,247,247,307,307
15_004,272,272,261,261,190,196,222,222,174,174,255,255,200,200,136,140,319,319,241,241,307,307
15_005,272,272,264,264,196,196,222,222,174,174,253,255,200,202,138,140,317,317,244,244,307,307
15_006,272,272,264,276,190,190,222,222,174,198,255,257,200,200,148,156,315,319,244,244,307,307
15_007,272,272,264,264,190,196,222,222,182,182,253,255,200,200,136,136,315,317,244,259,307,307
15_008,272,272,264,282,190,190,222,222,174,174,245,255,200,200,138,156,313,315,244,262,307,307
15_009,287,287,?,?,190,192,222,222,174,182,255,257,200,200,138,148,315,319,229,244,307,307
15_010,272,272,264,264,190,190,222,222,174,182,253,255,200,200,136,156,303,313,256,262,307,307
15_011,272,272,267,267,190,190,222,226,174,182,253,257,200,200,138,156,315,321,244,244,307,307
15_013,272,272,264,291,190,190,222,222,174,182,253,253,200,200,138,138,319,321,244,256,307,307
15_014,272,272,267,270,190,190,222,222,174,174,255,255,200,200,138,156,315,317,232,253,307,307
15_016,272,272,264,270,190,190,222,222,174,174,255,255,200,200,138,140,313,321,244,244,307,307
15_017,272,272,258,258,190,190,222,222,182,182,255,255,200,200,140,148,317,319,244,244,307,307
15_018,272,272,273,273,190,190,222,222,174,174,255,257,200,200,136,138,319,319,250,256,307,307
15_019,272,275,270,273,190,190,222,222,182,198,245,257,200,200,148,148,315,317,244,244,307,307
15_020,272,272,270,273,190,190,222,222,182,198,255,255,200,200,138,140,317,319,244,259,307,307
15_021,272,272,264,264,190,190,222,222,182,182,255,255,200,200,138,138,313,315,244,244,307,307
15_022,251,272,?,?,192,192,222,226,174,182,255,255,200,200,136,138,317,317,232,244,307,307
15_024,272,272,?,?,190,190,222,222,174,198,245,255,200,200,136,138,315,319,244,244,307,307
15_026,272,272,?,?,190,190,222,222,174,174,255,257,200,200,136,138,313,321,244,250,307,307
15_027,272,275,246,273,190,190,222,222,174,198,257,257,200,200,138,138,313,317,244,244,307,307
15_028,272,272,273,273,190,190,222,222,174,182,257,257,200,200,138,138,315,321,247,253,307,307
15_029,272,272,246,258,190,190,222,222,166,182,255,255,200,200,136,140,315,317,244,244,307,307
15_030,272,272,264,264,190,190,222,222,174,198,255,257,200,200,136,138,315,321,244,247,307,307
15_031,272,272,?,?,206,210,222,222,174,206,255,257,200,200,138,138,317,319,244,244,307,307
15_032,272,272,?,?,192,192,222,222,174,174,243,255,200,200,138,148,315,321,244,247,307,307
15_033,272,272,270,270,192,196,222,222,174,174,253,255,200,200,136,150,317,319,244,244,307,307
15_034,272,272,264,264,190,190,222,226,174,182,255,255,200,200,136,138,315,319,244,244,307,307
15_038,272,272,264,264,190,190,222,222,174,174,253,257,200,200,136,152,319,321,244,244,307,307
15_039,272,272,267,270,190,190,222,222,174,174,255,255,200,200,136,138,315,315,232,250,307,307
pop = Wilson,,,,,,,,,,,,,,,,,,,,,,
16_041,272,272,258,258,176,190,222,222,174,174,253,257,186,200,?,?,315,317,241,241,307,307
16_042,272,272,258,264,190,190,222,222,174,174,255,255,200,200,?,?,313,321,244,265,307,307
16_043,272,272,258,264,190,196,222,222,174,182,253,255,200,200,?,?,317,319,244,244,307,307
16_044,272,272,246,285,190,190,222,222,174,174,253,255,200,200,?,?,313,317,244,256,307,307
16_045,272,272,?,?,190,190,222,222,174,174,253,253,200,200,?,?,315,317,244,253,307,307
16_046,272,272,264,264,190,196,222,222,174,174,245,245,200,200,?,?,315,315,244,244,307,307
16_047,272,272,270,273,190,190,222,222,?,?,255,255,200,200,?,?,315,315,259,259,307,307
pop = Redwood,,,,,,,,,,,,,,,,,,,,,,
16_001,272,272,255,264,190,190,222,222,174,182,245,245,200,200,136,140,319,319,232,247,307,307
16_002,272,272,?,?,190,190,222,222,182,182,255,257,200,200,136,136,309,317,244,247,307,307
16_003,272,272,264,273,190,190,222,222,182,182,253,255,200,200,136,138,315,315,232,232,?,?
16_004,272,272,264,264,190,190,222,222,174,182,255,255,200,200,138,156,315,321,244,244,?,?
16_005,272,272,258,264,190,190,222,222,174,174,255,255,200,200,140,140,315,321,241,241,?,?
16_007,272,272,258,264,190,190,222,222,174,182,255,257,200,200,138,140,315,315,244,250,?,?
16_008,272,272,258,264,190,190,222,222,174,182,255,257,200,202,136,138,315,317,229,250,307,307
16_009,272,272,273,273,190,190,222,222,182,182,255,257,200,200,136,140,319,321,247,253,?,?
16_011,272,272,258,273,190,190,222,222,174,182,253,255,200,202,136,138,315,319,244,244,307,307
16_012,272,272,270,270,190,190,222,222,174,174,255,255,200,200,148,148,321,321,244,256,?,?
16_013,272,272,258,261,190,190,222,222,174,174,255,257,200,200,138,158,319,319,259,259,?,?
16_014,272,272,258,264,190,190,222,222,174,182,245,255,200,200,140,152,315,321,244,253,307,307
16_015,272,272,249,258,190,190,222,222,174,174,255,255,200,200,136,140,315,323,253,253,?,?
16_016,272,272,258,270,190,190,222,222,182,182,253,253,200,200,?,?,313,315,247,250,307,307
16_017,272,272,261,273,190,190,222,222,174,174,255,255,200,200,138,140,317,317,244,244,307,307
16_018,272,272,264,270,190,190,222,222,174,182,255,257,200,200,138,156,313,317,262,262,307,307
16_019,272,272,258,273,196,196,222,222,174,174,253,255,200,200,148,156,313,317,244,244,307,307
16_019,272,272,246,258,190,190,222,222,174,182,255,255,200,200,140,156,317,319,244,244,307,307
16_020,272,272,258,273,190,190,222,222,174,174,255,255,200,200,136,140,315,315,244,259,307,307
16_021,272,272,264,264,190,196,222,222,174,174,253,255,200,200,136,156,317,319,253,253,307,307
16_022,272,272,264,264,190,196,222,222,174,182,255,257,200,200,138,140,315,317,244,244,?,?
16_023,272,272,267,267,190,190,222,222,174,174,253,255,200,200,140,150,317,317,244,250,?,?
16_024,272,272,264,264,190,196,222,222,174,182,255,255,200,200,138,140,319,321,244,256,307,307
16_025,272,272,264,264,190,190,222,222,182,182,253,257,200,200,140,140,313,317,244,244,?,?
16_026,272,272,264,264,190,196,222,222,174,182,255,255,200,200,138,156,315,315,244,244,307,307
16_028,272,272,258,264,190,190,222,222,174,182,253,255,200,200,138,140,313,323,253,256,?,?
16_031,272,272,273,273,190,190,222,222,174,174,245,253,200,200,138,140,317,317,259,259,?,?
16_032,272,272,264,264,190,196,222,222,174,174,253,255,200,200,138,140,313,319,244,253,?,?
pop = Big _Lagoon,,,,,,,,,,,,,,,,,,,,,,
13_021,272,272,261,267,190,196,222,222,174,174,253,255,200,200,138,138,315,317,244,244,307,307
13_022,272,272,264,264,190,190,222,222,174,182,255,255,200,200,136,136,315,317,244,262,307,307
13_023,272,272,270,270,190,190,222,222,174,182,253,255,200,200,136,140,317,317,241,244,307,307
13_024,272,272,258,258,190,190,222,222,182,198,253,255,200,200,138,148,317,319,244,265,307,307
13_025,272,272,264,264,190,196,222,222,174,174,245,255,200,200,138,156,317,317,244,244,307,307
13_026,272,272,264,273,190,190,222,222,174,198,253,255,200,200,136,138,315,317,244,265,307,307
13_027,272,272,258,276,190,190,222,222,182,198,255,255,200,200,136,136,317,317,244,247,307,307
13_028,272,272,258,276,190,190,222,222,182,198,255,255,200,200,136,136,317,317,244,247,307,307
13_029,272,272,270,270,190,190,222,222,174,190,253,255,200,200,136,148,315,319,232,244,307,307
13_030,272,272,264,276,190,190,222,222,174,174,253,255,200,200,136,138,317,317,253,265,307,307
13_031,272,272,246,264,190,190,222,222,174,182,253,255,200,200,138,156,315,317,244,244,307,307
13_032,272,272,270,273,190,196,222,222,174,198,245,257,200,200,138,138,315,321,232,244,307,307
13_034,272,272,273,279,190,196,222,222,174,182,253,255,200,200,138,140,313,321,265,271,307,307
13_035,272,272,246,252,190,190,222,222,182,198,245,255,200,200,136,140,315,319,244,244,307,307
13_036,272,272,258,264,190,190,222,222,182,198,253,255,200,200,138,148,315,317,259,262,307,307
13_037,272,272,267,267,190,190,222,226,182,198,255,255,200,200,136,140,317,321,244,262,307,307
13_038,272,272,246,264,190,190,222,222,174,174,253,255,200,200,136,156,317,317,232,265,307,307
13_039,272,272,258,258,190,196,222,222,174,182,253,257,200,200,138,138,315,319,256,259,307,307
13_040,272,272,267,273,190,190,222,222,174,174,255,257,200,200,136,138,317,319,244,256,307,307
13_041,?,?,273,276,190,190,222,222,174,174,253,255,200,200,140,152,315,317,262,265,307,307
13_042,272,272,270,273,190,190,222,222,182,182,253,255,200,200,148,148,313,319,244,265,307,307
13_044,272,272,276,276,196,196,222,222,174,174,255,257,200,200,136,140,319,319,238,244,307,307
13_045,272,272,267,273,190,190,222,222,174,174,255,255,200,200,148,150,319,321,244,265,307,307
13_046,272,272,273,273,190,196,222,222,174,198,255,257,200,200,136,138,317,321,244,244,307,307
13_048,272,272,264,270,190,196,222,222,174,174,253,255,200,200,138,140,315,319,232,244,307,307
13_049,272,272,246,264,190,190,222,222,182,182,253,257,200,200,136,138,315,315,232,232,307,307
13_050,272,272,264,273,190,190,222,222,182,182,255,257,200,200,138,140,317,317,244,244,307,307
13_051,272,272,228,231,190,190,222,222,174,182,245,253,200,200,140,142,319,319,259,265,307,307
13_052,272,272,255,258,190,190,222,222,174,174,255,257,200,200,136,138,313,313,256,256,307,307
13_053,272,272,270,282,190,190,222,222,174,174,253,257,200,200,138,138,315,315,256,265,307,307
pop = Mad,,,,,,,,,,,,,,,,,,,,,,
15_041,?,?,?,?,190,196,222,222,174,198,255,257,200,200,138,138,315,317,253,259,307,307
15_043,272,272,270,270,190,190,222,222,182,198,255,255,200,200,140,140,313,313,244,247,307,307
15_044,272,272,264,276,190,190,222,222,174,174,255,255,200,200,136,136,315,317,256,256,307,307
15_045,272,272,?,?,190,190,222,222,174,182,255,255,200,200,136,140,317,319,244,244,307,307
15_046,272,272,264,264,190,196,222,222,182,198,255,255,200,200,136,138,315,317,253,256,307,307
15_047,272,272,270,270,190,190,222,222,174,182,255,257,200,200,136,148,315,317,244,244,307,307
15_048,272,272,?,?,190,196,222,222,174,182,255,255,200,200,136,138,309,313,238,238,307,307
15_049,272,272,?,?,190,190,222,222,182,182,255,255,200,200,138,138,317,317,256,256,307,307
15_050,272,272,258,273,190,190,222,222,174,182,253,253,200,200,138,140,315,319,244,244,307,307
15_051,272,272,246,246,190,190,222,222,198,198,255,255,200,200,140,148,315,315,244,244,307,307
15_052,272,272,?,?,190,190,222,222,174,174,255,255,200,200,136,140,315,319,241,259,307,307
15_054,272,272,?,?,190,190,222,222,182,198,245,253,200,200,136,140,313,315,256,256,307,307
15_055,272,272,?,258,190,190,222,222,182,198,253,253,200,200,140,148,309,317,241,253,307,307
15_057,272,272,270,270,190,196,220,222,174,190,245,257,200,200,138,138,313,315,244,244,307,307
15_058,272,275,258,258,190,196,222,222,182,198,253,255,200,200,136,140,315,319,244,256,307,307
15_061,272,275,270,273,190,200,222,222,182,182,255,257,200,200,136,138,315,317,241,256,307,307
15_062,272,272,?,?,190,190,222,222,174,182,253,255,200,200,136,138,317,321,265,265,307,307
15_063,272,272,264,273,190,190,222,222,174,182,255,255,200,200,136,140,315,315,244,244,307,307
15_064,272,275,258,264,190,196,222,222,174,182,255,255,200,200,136,138,?,?,253,253,307,307
15_065,272,272,267,267,190,190,222,222,174,182,255,255,200,200,136,138,315,315,238,244,307,307
15_068,272,272,273,273,190,190,222,222,174,182,253,255,200,200,136,136,321,323,244,244,307,307
15_069,272,272,?,?,190,196,222,222,174,182,255,255,200,200,136,142,315,315,241,262,307,307
15_070,272,272,267,270,190,190,222,222,174,182,245,255,200,200,138,148,315,321,232,256,307,307
15_071,272,272,270,270,190,190,222,222,174,182,253,255,200,200,140,152,313,317,244,244,307,307
15_072,272,272,273,273,190,196,222,222,174,182,253,257,200,200,138,138,311,315,244,253,307,307
15_073,272,272,264,267,190,196,222,222,174,174,255,255,200,200,136,140,?,?,232,244,307,307
15_074,272,272,?,?,190,190,222,222,182,182,255,257,200,200,136,136,319,319,253,253,307,307
15_075,272,272,?,?,196,196,222,222,174,182,253,255,200,200,138,150,317,319,241,244,307,307
15_076,272,272,273,273,190,190,222,222,174,174,255,255,200,200,136,138,303,317,244,247,307,307
15_077,272,272,?,?,190,190,222,222,182,182,255,255,200,200,136,138,319,321,244,244,307,307
15_078,272,272,?,?,190,190,222,222,174,182,245,257,200,200,138,152,315,317,232,262,307,307
15_079,272,272,264,273,190,196,222,222,174,182,245,255,200,200,138,148,321,323,232,244,307,307
15_080,272,272,273,273,190,196,222,222,174,182,253,257,200,200,136,138,313,315,256,256,307,307
pop = Freshwater,,,,,,,,,,,,,,,,,,,,,,
15_081,272,272,?,?,190,190,222,222,174,198,245,257,200,200,?,?,315,319,250,250,307,307
15_082,272,272,?,?,190,190,222,222,174,174,253,257,200,200,?,?,315,319,247,247,307,307
15_083,272,272,?,?,196,196,222,222,174,174,253,255,200,200,136,140,?,?,259,265,307,307
15_084,272,272,?,?,190,190,222,222,182,182,255,255,200,200,136,138,313,313,244,244,307,307
15_085,254,272,264,264,190,190,222,222,174,182,255,255,200,200,136,138,315,319,244,244,307,307
15_086,254,272,?,?,190,196,222,222,174,182,255,255,200,200,150,156,317,317,247,247,307,307
15_087,272,272,267,267,190,196,222,222,174,174,255,255,200,200,140,148,?,?,232,244,307,307
15_088,272,272,?,?,190,190,222,222,174,174,255,255,200,200,138,138,?,?,244,244,307,307
15_089,272,272,264,270,196,196,222,222,174,182,253,255,200,200,140,140,317,319,223,229,307,307
15_090,272,272,?,?,190,190,222,222,174,174,245,257,200,200,136,138,315,317,244,244,307,307
15_091,272,272,?,?,190,190,222,222,?,?,255,255,200,200,136,138,319,319,229,253,307,307
15_092,272,272,?,?,190,190,222,222,174,174,253,255,200,200,138,138,315,319,244,244,307,307
15_093,272,272,?,?,190,196,222,222,174,182,245,255,200,202,136,140,309,319,253,253,307,307
15_094,272,272,?,?,190,190,222,222,174,174,253,255,200,200,136,138,319,319,244,244,307,307
15_095,272,272,237,237,190,200,222,222,?,?,255,255,200,200,138,150,315,315,244,244,307,307
15_096,272,272,?,?,190,190,222,222,182,182,253,255,200,200,136,136,315,315,241,244,307,307
pop = Van_Duzen,,,,,,,,,,,,,,,,,,,,,,
13_054,272,272,264,264,190,190,222,222,182,182,255,255,200,200,136,136,315,319,244,262,307,307
13_055,272,272,264,267,196,196,222,222,182,198,253,255,200,200,140,140,315,315,262,262,307,307
13_056,272,272,270,276,190,190,222,222,182,198,253,255,200,200,136,140,315,321,232,244,307,307
13_057,272,272,246,264,190,190,222,222,174,198,253,253,200,200,138,156,313,315,265,268,307,307
13_058,272,272,?,?,190,190,222,222,174,182,253,255,200,200,136,140,319,319,244,253,307,307
13_059,272,272,255,270,190,190,222,222,174,174,255,255,200,200,136,140,315,315,244,244,307,307
13_060,272,272,264,282,190,190,222,222,174,198,255,257,200,200,140,156,317,317,241,241,307,307
13_061,272,272,264,264,190,196,222,222,174,198,253,255,200,200,138,140,315,317,244,253,307,307
13_062,272,272,273,276,190,196,222,222,182,198,255,255,200,200,136,158,315,319,232,244,307,307
13_063,272,272,264,273,190,190,222,222,182,182,255,257,200,200,136,140,319,319,256,256,307,307
13_066,272,272,270,270,190,190,222,222,174,182,245,255,200,200,138,140,315,317,244,265,307,307
13_067,272,272,258,264,190,190,222,222,174,182,253,255,200,200,134,138,313,315,241,253,307,307
13_068,272,272,264,264,190,190,222,222,174,174,255,257,200,200,136,136,315,317,253,268,307,307
13_069,272,272,261,261,190,190,220,222,182,182,253,255,200,200,136,148,319,321,253,256,307,307
13_070,272,272,267,273,190,190,222,222,140,174,245,257,200,200,138,148,315,317,244,253,307,307
13_071,272,272,261,264,190,190,222,222,198,198,253,255,200,200,136,138,317,319,241,253,307,307
13_072,272,272,264,270,190,190,222,222,174,182,255,255,200,200,136,140,313,321,256,271,307,307
13_073,272,272,270,270,190,190,222,222,174,182,245,257,200,200,138,152,315,317,244,244,307,307
13_074,272,272,261,264,190,190,222,222,182,182,255,257,200,200,140,148,315,321,259,265,307,307
13_075,272,272,246,246,190,190,222,222,174,198,255,255,200,200,136,138,317,319,244,256,307,307
13_076,272,272,255,258,190,190,222,222,182,182,255,257,200,200,136,140,315,315,244,265,307,307
13_077,272,272,273,276,190,196,222,222,174,174,253,253,200,200,136,138,315,319,244,256,307,307
13_078,272,272,267,273,190,190,222,222,174,198,255,257,200,200,138,152,315,319,244,244,307,307
13_079,272,272,258,270,190,190,222,222,182,182,253,255,200,202,136,136,313,315,232,250,307,307
13_082,272,272,258,270,190,190,222,222,174,182,253,253,200,200,136,140,317,319,259,265,307,307
13_084,272,272,261,279,190,190,222,222,182,198,255,255,200,200,136,140,303,315,244,244,307,307
13_088,272,272,264,270,190,190,222,222,198,198,255,255,200,200,138,148,315,315,244,247,307,307
13_089,272,272,258,264,190,190,222,222,174,198,253,253,200,200,136,140,315,315,244,253,307,307
13_090,272,272,264,270,190,196,222,222,182,182,255,255,200,200,136,140,315,321,235,244,307,307
13_091,272,272,258,297,190,190,222,222,174,182,253,255,200,200,136,136,315,317,253,253,307,307
13_092,272,272,279,279,190,196,222,222,174,174,245,255,200,200,140,148,319,321,244,253,307,307
pop = Cottoneva,,,,,,,,,,,,,,,,,,,,,,
29_001,272,272,?,?,190,190,222,222,182,182,253,257,200,200,138,148,321,321,244,244,307,307
29_002,272,272,?,?,190,196,222,222,174,182,253,257,200,200,126,136,319,319,229,244,307,307
29_003,272,275,270,270,190,196,222,222,174,182,257,257,200,200,136,138,313,317,244,253,307,307
29_004,272,272,?,?,190,196,222,222,174,182,253,257,200,200,136,138,313,319,253,259,307,307
29_005,272,272,?,?,190,190,222,222,174,174,253,257,200,200,136,148,317,319,241,253,307,307
29_008,272,272,?,?,190,196,222,222,182,182,253,255,200,200,136,138,315,317,259,259,307,307
29_009,272,272,276,276,190,196,222,222,174,182,253,257,200,200,136,148,317,319,244,253,307,307
29_010,272,272,258,258,190,196,222,222,174,182,253,253,200,200,136,156,319,321,244,259,307,307
29_011,272,272,276,276,196,196,222,222,182,182,253,255,200,200,136,138,315,321,259,265,307,307
29_012,272,272,?,?,190,190,222,222,174,182,255,257,200,200,136,136,317,321,244,253,307,307
29_013,272,272,273,276,190,196,222,222,174,182,255,257,200,200,136,138,315,317,235,262,307,307
29_014,272,272,?,?,196,196,222,222,174,174,245,253,200,200,148,156,319,321,253,265,307,307
29_015,272,272,264,270,190,190,222,222,174,174,253,253,200,200,136,138,321,323,244,259,307,307
29_016,272,272,276,276,196,196,222,222,174,182,253,255,200,200,136,138,315,315,244,256,307,307
29_017,272,275,264,270,190,196,222,222,174,182,245,253,200,200,136,148,321,321,265,265,307,307
29_018,272,272,264,273,190,196,222,222,174,182,245,257,200,200,136,138,315,321,241,262,307,307
29_019,272,272,270,270,190,190,222,222,174,174,245,253,200,200,136,138,315,315,244,256,307,307
29_020,272,272,?,?,190,190,222,222,174,182,245,255,200,200,136,148,317,321,253,253,307,307
29_021,272,272,?,?,190,196,222,222,182,182,255,257,200,200,136,148,315,317,244,256,307,307
29_022,272,272,270,273,190,196,222,222,174,174,253,257,200,200,136,140,313,315,244,244,307,307
29_023,272,272,273,273,190,196,222,222,182,198,257,257,200,202,136,148,317,321,259,265,307,307
29_024,272,272,255,258,190,196,222,222,174,174,253,253,200,200,136,148,315,321,253,259,307,307
29_025,272,272,270,270,190,190,222,222,174,182,253,257,200,200,140,148,317,321,244,253,307,307
29_026,272,272,?,?,190,196,222,222,174,174,253,257,200,202,136,148,319,319,259,265,307,307
29_027,272,272,273,273,190,196,222,222,174,182,253,255,200,200,136,148,313,317,244,256,307,307
pop = Navaro,,,,,,,,,,,,,,,,,,,,,,
29_028,272,272,258,258,190,196,222,222,174,182,245,255,200,202,140,148,321,321,259,259,307,307
29_029,272,272,258,264,196,196,222,222,174,174,253,255,200,200,136,138,315,321,244,253,307,307
29_030,272,272,?,?,190,196,222,222,174,198,253,255,200,200,138,140,317,321,241,244,307,307
29_031,272,272,267,285,196,196,222,222,182,182,255,257,200,202,136,136,315,321,262,262,307,307
29_032,272,272,270,276,190,190,222,222,182,182,253,253,200,200,136,140,317,321,241,253,307,307
29_033,272,272,264,273,196,196,222,222,174,182,253,253,200,200,136,136,313,319,256,265,307,307
29_034,272,272,258,267,190,196,222,222,174,182,255,257,200,200,138,156,317,321,253,262,307,307
29_035,272,272,246,273,190,190,222,222,174,174,253,257,200,200,136,136,313,315,241,262,307,307
29_036,272,272,?,?,190,190,222,222,174,182,253,263,200,200,136,138,315,319,262,262,307,307
29_037,272,272,270,270,190,190,222,222,174,182,253,255,200,200,136,148,315,317,253,268,307,307
29_038,272,272,246,246,190,196,222,222,174,182,253,257,200,200,136,136,319,321,244,262,307,307
29_039,272,272,264,264,196,196,222,222,174,182,253,257,200,200,136,148,319,321,256,262,307,307
29_040,272,272,261,267,190,190,222,222,174,182,253,257,200,200,138,148,315,319,262,262,307,307
29_041,272,272,270,270,190,196,222,222,174,182,245,253,200,200,136,140,317,319,253,262,307,307
29_042,272,272,270,270,190,196,222,222,174,182,245,253,200,200,136,140,317,319,253,262,307,307
29_043,272,272,264,264,190,196,222,222,174,182,253,255,200,200,138,138,313,315,244,262,307,307
29_044,272,272,261,270,190,196,222,222,182,182,245,253,200,202,136,136,317,321,235,259,307,307
29_045,272,272,?,?,196,196,222,222,198,198,255,257,200,200,138,140,317,317,262,265,307,307
29_046,272,272,258,273,190,196,222,222,174,182,253,255,200,200,136,136,319,321,241,256,307,307
29_047,272,272,270,270,190,196,222,222,174,182,253,257,200,200,138,148,315,321,244,244,307,307
29_048,272,272,255,258,190,190,222,222,174,174,245,255,200,200,136,148,317,319,253,253,307,307
29_049,272,272,270,270,190,190,222,222,166,182,253,257,200,202,138,140,313,315,244,247,307,307
29_050,272,272,270,270,190,190,222,222,174,182,257,257,200,200,138,148,315,315,253,259,307,307
29_051,272,272,267,270,190,190,222,222,166,174,253,255,200,200,136,138,319,319,259,262,307,307
29_052,272,272,270,270,190,196,222,222,182,182,253,253,200,200,136,148,317,319,244,259,307,307
29_053,272,272,270,273,196,196,222,222,174,182,253,253,200,200,136,140,319,321,253,253,307,307
29_054,272,272,255,258,190,200,222,222,174,182,245,255,200,200,138,148,315,319,241,253,307,307
29_055,272,272,258,273,190,196,222,222,174,182,255,255,200,200,138,138,319,319,232,244,307,307
29_056,272,272,?,?,190,190,222,222,166,182,253,257,200,200,136,138,319,319,259,259,307,307
29_057,272,272,264,270,190,196,222,222,174,182,253,253,200,200,138,148,313,315,238,259,307,307
pop = Garcia,,,,,,,,,,,,,,,,,,,,,,
29_058,272,272,258,270,196,196,222,222,174,174,253,255,200,200,148,148,317,321,244,256,307,307
29_059,272,272,258,270,196,196,222,222,174,174,253,255,200,200,148,148,317,321,244,256,307,307
29_060,272,272,270,270,196,196,222,222,166,182,253,257,200,200,136,138,315,317,250,259,307,307
29_061,272,272,264,264,190,196,222,222,174,174,255,257,200,200,136,136,315,321,253,253,307,307
29_062,272,272,?,?,190,190,222,222,182,182,245,255,200,200,138,148,313,319,259,262,307,307
29_063,272,272,273,273,190,190,222,222,182,182,253,253,200,200,136,140,315,317,244,256,307,307
29_064,272,272,267,273,190,196,222,222,182,182,245,257,200,200,136,136,317,317,265,265,307,307
29_065,272,272,270,273,190,196,222,222,174,182,253,255,200,200,136,138,319,321,247,247,307,307
29_066,272,272,264,267,190,196,222,222,166,182,253,253,200,200,136,136,313,317,253,253,307,307
29_067,272,272,252,264,190,196,222,222,182,182,257,257,200,200,138,138,319,321,241,244,307,307
29_068,272,272,264,276,190,196,220,222,174,182,247,253,200,200,136,136,313,317,244,244,307,307
29_069,272,272,270,273,196,196,220,222,174,182,253,257,200,200,136,148,315,319,244,244,307,307
29_070,272,272,267,270,190,196,222,222,174,182,253,257,200,200,136,138,319,319,259,265,307,307
29_071,272,272,264,285,196,196,222,222,182,182,253,257,200,200,136,140,319,319,235,259,307,307
29_072,272,275,255,255,190,196,222,222,182,198,253,253,200,200,138,148,313,319,256,268,307,307
29_073,272,272,267,276,190,196,222,222,174,182,245,253,200,200,136,136,319,319,241,241,307,307
29_074,272,272,258,258,190,196,222,222,174,182,245,253,200,200,140,140,319,321,256,259,307,307
29_075,272,272,264,270,190,196,222,222,174,174,253,253,200,200,136,138,313,315,244,244,303,307
29_076,272,272,264,270,190,196,222,222,182,182,253,257,200,202,136,136,313,323,250,265,307,307
29_077,272,272,270,273,190,196,222,222,182,182,245,257,200,200,136,148,315,319,241,262,307,307
29_078,272,272,?,?,190,190,222,222,174,198,255,255,200,200,136,140,317,321,259,259,307,307
pop = Russian_AC,,,,,,,,,,,,,,,,,,,,,,
24_035,272,272,?,?,190,196,222,222,174,182,253,257,200,200,136,136,315,315,244,244,307,307
24_036,272,272,?,?,196,196,222,222,174,182,253,255,200,200,136,140,317,319,262,262,307,307
24_037,272,272,?,?,190,196,220,222,174,174,253,253,200,200,136,138,313,317,250,259,307,307
24_038,272,272,?,?,190,196,222,222,182,198,253,255,200,200,136,138,315,317,244,253,307,307
24_039,272,272,?,?,190,190,222,222,174,182,253,253,200,200,136,140,315,323,256,265,307,307
SC_09,281,281,?,?,190,190,222,222,174,182,253,255,200,200,138,152,317,317,241,259,307,307
SC_10,272,272,?,?,196,196,222,222,174,182,245,253,200,200,140,148,315,315,253,265,307,307
SC_11,272,272,?,?,190,190,222,222,174,182,253,255,200,200,136,156,313,317,244,262,307,307
SC_12,272,272,?,?,196,196,222,222,174,182,245,257,200,200,132,138,315,321,244,259,307,307
SC_13,272,272,?,?,190,190,222,226,174,182,245,257,200,200,138,138,317,321,241,253,307,307
SC_14,272,272,?,?,190,196,222,222,174,198,253,253,200,200,148,148,317,317,253,256,307,307
SC_15,272,272,?,?,190,196,222,222,174,198,255,255,200,200,136,136,317,321,253,256,307,307
SC_16,272,272,?,?,190,196,222,222,174,182,253,263,200,202,136,136,321,323,256,256,307,307
pop = Estero_Americano,,,,,,,,,,,,,,,,,,,,,,
6_047,272,272,267,273,190,190,222,222,174,182,253,253,200,200,138,148,317,321,244,262,307,307
6_048,272,272,255,255,190,196,222,222,174,182,253,253,200,200,136,138,321,321,256,262,307,307
6_049,272,272,255,267,192,196,222,222,174,182,253,255,200,200,136,136,319,319,244,256,307,307
6_051,272,272,?,?,192,196,222,222,174,182,253,255,200,200,138,148,313,319,244,253,307,307
6_052,272,272,?,?,190,196,222,222,174,182,253,257,200,200,140,148,319,319,244,259,307,307
6_053,272,272,?,?,190,196,222,222,174,182,253,253,200,200,136,148,315,315,244,259,307,307
6_054,272,272,270,270,190,196,222,222,174,198,253,257,200,200,136,138,319,321,253,253,307,307
6_055,272,272,?,?,192,196,220,222,174,182,253,253,200,200,136,138,315,315,244,256,307,307
6_056,272,272,270,276,192,196,222,222,174,182,253,257,200,200,136,140,315,317,238,253,307,307
6_057,272,302,258,264,190,196,222,222,174,182,245,253,200,200,136,148,315,319,244,256,307,307
6_058,272,272,267,270,190,196,222,222,174,182,253,253,200,200,136,136,315,319,244,256,307,307
6_059,272,272,?,?,192,196,222,222,174,182,253,253,200,200,136,138,315,317,253,253,307,307
6_060,272,272,?,?,192,196,220,222,174,182,255,257,200,200,136,148,313,319,244,253,307,307
6_061,272,272,?,?,190,196,222,222,174,182,255,257,200,200,136,136,317,319,244,259,307,307
6_062,272,272,?,?,192,196,220,222,174,182,255,255,200,200,136,148,315,319,244,253,307,307
6_063,272,272,?,?,190,196,220,222,174,182,253,257,200,202,136,136,315,321,244,256,307,307
6_064,272,272,255,264,190,196,222,222,174,182,253,253,200,200,136,140,315,321,253,256,307,307
pop = Santa_Clara,,,,,,,,,,,,,,,,,,,,,,
24_095,272,272,294,294,196,196,220,222,182,190,253,253,200,200,136,136,309,313,235,235,307,307
24_096,272,272,267,285,190,190,222,222,166,174,253,253,200,204,?,?,309,323,229,241,307,307
24_097,272,272,261,279,190,196,222,222,174,182,253,253,200,200,138,148,309,319,229,250,307,307
24_098,272,272,276,285,190,196,222,222,174,182,253,253,200,204,136,136,309,319,229,235,307,307
24_099,272,272,279,282,196,196,222,222,182,198,253,255,200,200,136,136,309,319,235,235,307,307
25_001,272,272,270,288,190,190,222,222,166,182,253,255,200,200,136,136,309,313,235,235,307,307
25_002,272,272,252,279,196,196,222,222,166,182,253,253,200,200,136,136,309,309,232,232,307,307
25_003,272,272,279,291,190,196,222,222,174,198,253,255,200,200,136,136,309,321,235,235,307,307
25_004,272,272,291,291,196,196,222,222,166,182,253,253,200,200,136,148,309,309,235,235,307,307
25_005,272,272,285,291,190,190,222,222,166,166,253,253,200,200,136,136,309,309,235,235,307,307
25_006,272,272,291,291,190,196,222,222,182,198,253,253,200,200,136,136,309,313,235,235,307,307
25_007,272,272,288,291,196,196,222,222,198,198,253,253,200,200,?,?,309,313,235,235,307,307
25_008,272,272,282,294,196,196,222,222,166,190,253,253,200,200,136,148,309,319,235,235,307,307
25_009,272,272,285,291,196,196,222,222,182,182,253,253,200,200,136,148,309,309,235,235,307,307
25_010,272,272,282,294,190,190,222,222,174,198,253,255,200,204,136,136,309,313,226,226,307,307
25_011,269,272,279,282,196,196,222,222,166,174,253,253,200,200,136,136,309,309,235,235,307,307
25_012,272,272,288,291,196,196,222,222,166,182,253,253,200,200,136,136,309,315,235,244,307,307
25_013,272,272,?,?,190,190,222,222,174,174,253,253,200,200,136,136,309,309,235,235,307,307
25_014,272,272,285,285,190,196,222,222,166,198,253,253,200,200,136,136,309,309,235,235,307,307
25_015,269,272,?,?,196,196,222,222,182,182,253,253,200,200,136,136,309,309,232,232,307,307
25_016,272,272,?,?,190,196,222,222,174,198,253,253,200,200,136,148,309,315,253,253,307,307
25_017,272,272,?,?,190,196,222,222,182,198,253,253,200,200,136,136,309,315,229,235,307,307
25_018,272,272,?,?,190,196,222,222,182,190,253,253,200,200,136,136,309,313,229,235,307,307
25_019,272,272,291,291,190,196,220,222,166,198,253,253,200,200,136,136,309,309,235,235,307,307
pop = Napa,,,,,,,,,,,,,,,,,,,,,,
17_001,272,272,?,?,190,196,222,222,174,182,255,255,200,200,136,138,313,319,247,247,307,307
17_002,272,272,?,?,190,190,222,222,174,174,253,253,200,204,148,154,309,317,253,256,307,307
17_003,272,272,?,?,190,190,222,222,174,174,253,255,200,202,138,148,313,315,250,253,307,307
17_004,272,272,?,?,190,190,222,222,174,174,253,253,200,200,136,138,313,319,253,265,307,307
17_005,272,272,?,?,190,190,222,222,174,174,255,255,200,202,136,136,309,311,229,256,307,307
17_006,272,272,?,?,190,190,222,222,174,174,255,255,200,202,136,136,309,311,229,256,307,307
17_007,272,272,?,?,192,192,222,222,158,158,255,255,200,204,140,140,317,323,229,256,307,307
17_008,272,272,?,?,190,190,222,222,182,182,253,255,200,202,136,136,317,317,247,256,307,307
17_009,272,272,252,282,190,190,222,222,182,182,253,255,200,200,136,138,309,317,241,253,307,307
17_010,272,272,?,?,190,192,222,222,174,174,255,255,200,202,136,138,309,309,229,229,?,?
17_011,272,272,?,?,190,196,222,222,182,182,253,255,200,202,136,136,311,313,223,256,307,307
17_012,272,272,?,?,190,190,222,222,174,182,255,255,200,200,136,138,309,319,229,256,307,307
17_013,272,272,?,?,190,192,222,222,174,174,253,255,200,204,138,138,317,317,241,244,307,307
17_014,266,266,?,?,192,192,220,222,150,150,253,253,218,222,152,152,?,?,229,232,307,307
17_015,302,302,?,?,192,192,222,222,174,198,255,255,200,204,136,152,317,317,229,229,307,307
17_016,272,272,?,?,196,196,222,222,174,182,253,257,200,200,136,146,309,319,241,241,307,307
17_017,272,272,?,?,190,196,222,222,174,174,255,257,200,200,136,136,309,317,229,235,307,307
17_018,272,272,?,?,190,196,222,222,166,174,253,255,200,200,136,136,309,313,229,253,307,307
17_019,272,272,?,?,190,190,222,222,174,174,253,255,200,200,136,138,309,311,229,241,307,307
17_020,266,266,?,?,192,192,220,222,158,158,253,255,202,218,152,152,?,?,232,232,307,307
17_021,266,266,?,?,192,192,220,222,158,158,253,255,202,202,136,152,317,319,229,229,307,307
17_022,272,272,?,?,190,190,220,222,174,174,253,255,200,200,136,138,309,317,229,241,307,307
17_023,272,272,?,?,190,196,220,222,174,174,253,255,202,204,136,148,309,315,229,250,307,307
17_024,272,275,?,?,190,196,222,222,182,182,255,257,200,200,136,138,311,315,229,244,307,307
17_025,266,266,?,?,192,192,220,222,150,150,253,255,202,202,152,152,315,315,232,232,307,307
17_026,272,275,?,?,190,196,222,222,182,190,255,255,200,200,136,138,309,313,232,241,307,307
17_027,272,272,?,?,190,190,220,222,174,174,253,255,200,200,136,136,311,311,229,253,307,307
17_028,272,272,?,?,190,196,222,222,174,174,253,255,200,202,136,136,309,321,247,247,307,307
17_029,272,272,?,?,190,190,222,222,174,174,253,253,200,202,136,136,311,313,241,256,307,307
17_030,272,272,?,?,192,192,222,222,174,182,253,255,200,200,136,138,309,319,241,253,?,?
pop = SuisunBay,,,,,,,,,,,,,,,,,,,,,,
24_044,272,272,?,?,190,196,220,222,?,?,253,253,200,204,138,152,309,315,229,247,307,307
24_045,272,272,?,?,190,190,222,222,174,174,253,257,200,200,136,136,309,311,247,250,307,307
24_046,272,272,?,?,190,190,220,222,174,174,253,255,200,200,136,138,315,319,250,250,307,307
24_047,269,272,?,?,190,199,222,222,174,174,253,255,200,200,136,138,309,311,229,229,?,?
24_048,272,278,?,?,196,196,222,222,174,182,253,253,200,200,136,136,319,319,247,250,307,307
24_049,272,272,?,?,196,196,222,222,174,174,253,253,202,204,136,136,315,319,250,250,307,307
24_050,272,272,?,?,190,190,220,222,?,?,257,257,200,200,136,148,309,311,229,250,307,307
24_051,272,272,?,?,190,190,220,222,174,174,253,255,200,204,136,138,315,319,229,244,307,307
24_052,272,272,?,?,190,190,222,222,182,182,253,253,200,204,136,136,313,315,241,241,307,307
24_053,272,272,270,270,190,196,222,222,174,174,253,253,200,200,136,136,313,319,247,247,307,307
24_054,272,272,?,?,196,196,222,222,182,182,253,255,200,202,136,136,309,317,232,259,307,307
24_055,272,278,?,?,190,196,222,222,?,?,255,257,200,200,136,136,309,317,232,232,307,307
24_057,272,272,?,?,196,196,222,222,?,?,253,253,200,200,136,136,309,313,241,244,307,307
24_057,272,272,?,?,190,190,222,222,174,174,253,253,200,202,136,136,309,311,244,247,307,307
24_058,272,272,?,?,190,190,222,222,?,?,253,255,200,202,136,138,309,315,241,241,307,307
24_059,272,272,?,?,190,190,220,222,?,?,255,257,200,200,136,136,309,319,229,235,307,307
24_060,272,275,?,?,190,190,220,226,174,174,255,255,200,200,136,136,309,319,229,229,307,307
24_061,263,272,252,261,190,190,220,222,174,174,255,257,200,202,136,136,317,319,241,256,307,307
24_062,272,272,?,?,190,196,222,222,174,174,255,255,200,200,136,154,309,317,241,241,307,307
24_063,272,272,?,?,190,190,220,222,?,?,253,253,200,200,136,136,315,315,229,241,?,?
24_064,272,272,?,?,190,196,222,222,?,?,253,253,200,200,136,136,309,311,229,253,307,307
24_065,272,272,?,?,190,190,222,222,174,174,253,255,200,200,138,146,313,317,241,253,307,307
24_066,272,272,?,?,190,190,220,222,?,?,255,255,200,200,138,138,315,317,229,247,307,307
24_067,263,272,?,?,190,190,222,222,174,174,253,257,202,204,?,?,309,319,232,247,307,307
24_068,272,272,?,?,190,196,220,222,?,?,253,255,200,200,136,136,315,319,229,229,?,?
pop = Sacramento_Red_Bluff,,,,,,,,,,,,,,,,,,,,,,
4P_001,272,272,252,261,190,190,222,222,166,174,253,257,200,200,136,138,313,319,223,232,307,307
4P_002,263,272,252,270,190,190,220,222,174,174,255,255,200,200,138,148,309,313,229,232,307,307
4P_003,272,272,?,?,190,190,222,222,174,174,255,255,194,200,136,148,309,313,229,232,307,307
4P_004,272,272,261,261,190,190,220,222,174,174,253,253,200,200,136,148,313,315,229,229,307,307
4P_005,263,272,252,252,190,190,222,222,174,174,255,255,200,202,136,138,309,313,229,229,307,307
4P_006,272,272,?,?,190,190,220,220,174,174,255,255,200,202,138,154,317,317,229,229,307,307
4P_007,275,275,270,270,190,190,222,222,174,182,253,253,200,200,136,136,319,319,229,235,307,307
4P_008,272,272,261,270,190,190,222,222,174,174,253,253,200,202,138,148,313,313,229,229,307,307
4P_009,272,272,261,279,190,190,220,222,174,174,255,255,200,202,138,138,315,319,229,232,307,307
4P_010,272,272,267,267,190,190,220,222,174,174,253,255,200,200,148,148,313,319,229,229,307,307
4P_033,272,272,252,282,190,190,222,222,174,182,255,255,200,202,138,154,313,315,229,232,307,307
4P_034,272,272,?,?,190,190,222,222,174,174,255,255,202,202,138,138,313,313,229,229,307,307
4P_035,263,263,?,?,190,190,220,222,174,174,253,255,200,200,138,148,309,315,229,229,307,307
4P_036,272,272,?,?,190,190,220,222,174,174,255,255,200,200,136,138,313,313,229,229,307,307
4R_035,272,272,252,252,190,190,222,222,174,174,255,255,200,204,?,?,?,?,?,?,?,?
4R_038,272,272,252,252,190,190,222,222,174,182,253,255,200,202,?,?,?,?,?,?,?,?
4R_039,272,272,?,?,190,190,220,222,174,174,253,253,200,200,?,?,?,?,?,?,?,?
4R_040,272,272,258,258,190,190,220,222,174,174,253,253,200,200,?,?,?,?,?,?,?,?
pop = Sacramento_RM205.5,,,,,,,,,,,,,,,,,,,,,,
10P_003,272,272,261,270,190,190,220,220,174,174,253,255,200,202,146,148,309,313,229,229,307,307
10P_004,272,272,?,?,190,190,222,222,166,182,253,253,200,200,138,138,317,317,229,229,307,307
10P_005,272,272,273,273,190,190,220,222,174,174,255,255,200,200,136,138,309,313,229,232,307,307
10P_006,272,272,270,273,190,190,222,222,174,174,253,255,202,202,138,154,309,313,229,232,307,307
10P_007,272,272,261,261,190,190,220,222,174,174,253,255,200,200,136,138,309,313,229,229,307,307
10P_008,272,272,261,273,190,190,220,222,174,174,253,253,200,202,136,138,309,313,229,235,307,307
10P_009,272,272,267,273,190,190,222,222,174,174,253,255,200,200,138,148,313,315,229,232,307,307
10P_010,272,272,264,270,190,190,220,222,174,182,255,255,200,200,136,138,313,317,229,229,307,307
10P_011,272,272,261,261,190,190,220,222,174,174,253,255,200,200,136,138,309,313,229,229,307,307
10P_012,272,272,270,270,190,190,220,222,166,174,253,255,200,204,138,138,309,313,229,229,307,307
10P_013,272,272,261,273,190,190,220,222,174,174,253,253,200,202,136,154,313,315,229,229,307,307
10P_014,263,272,?,?,190,190,222,222,174,174,253,257,200,200,148,148,313,319,229,229,307,307
10P_015,272,272,273,273,190,190,220,222,174,182,253,255,200,200,138,148,315,317,229,232,307,307
10P_016,263,272,258,258,190,190,222,222,174,174,253,255,200,200,136,138,309,319,229,229,307,307
10P_017,272,272,252,261,190,190,222,222,166,174,255,255,200,204,136,154,309,313,229,229,307,307
10P_018,272,272,246,273,190,190,220,222,174,174,253,255,202,202,136,138,313,319,229,229,307,307
10P_019,272,272,273,282,190,190,222,222,174,174,253,253,200,202,142,142,309,319,229,232,307,307
10P_020,272,272,261,261,190,190,222,222,174,174,253,253,200,202,138,148,309,315,229,229,307,307
10P_021,272,272,261,261,190,190,222,222,166,174,253,255,200,200,148,148,317,319,229,232,307,307
10P_022,272,272,291,291,190,190,220,222,174,182,253,255,200,202,138,138,309,319,229,229,307,307
10P_023,272,272,?,?,190,192,220,222,182,190,253,253,200,200,138,148,315,319,229,229,307,307
10P_024,272,272,?,?,190,190,220,222,174,174,253,255,200,200,136,138,313,319,229,232,307,307
10P_025,263,272,258,258,190,190,222,222,174,174,255,257,200,200,138,138,309,313,229,229,307,307
10P_026,272,272,273,273,190,190,222,222,174,182,253,255,200,202,136,148,313,319,229,229,307,307
10P_027,272,272,246,246,190,190,220,222,174,174,253,253,200,202,136,136,313,317,229,232,307,307
10P_028,272,272,?,?,190,190,220,220,174,182,253,253,200,204,136,138,313,317,229,229,307,307
10P_029,272,272,?,?,190,190,222,222,174,182,253,255,200,200,136,148,309,313,229,232,307,307
pop = ClearL,,,,,,,,,,,,,,,,,,,,,,
24_070,281,281,249,255,190,190,220,220,174,190,253,253,198,200,138,138,313,315,235,238,307,307
24_071,281,281,249,264,190,190,220,220,182,182,253,253,200,200,132,168,313,313,235,238,307,307
24_072,281,284,255,264,190,190,220,220,182,182,253,253,200,200,138,138,313,315,238,241,307,307
24_073,281,281,249,261,190,190,220,220,182,182,253,253,198,198,158,172,313,313,235,238,307,307
24_074,281,281,?,?,190,190,220,220,182,182,253,253,198,198,138,138,313,317,235,235,307,307
24_075,281,284,261,261,190,190,220,222,182,182,253,253,198,198,138,158,313,313,235,244,307,307
24_076,281,281,261,273,190,190,220,220,182,182,253,253,198,200,166,168,313,313,235,238,307,307
24_077,281,284,?,?,190,190,220,222,182,190,253,253,198,200,138,160,313,313,235,235,307,307
24_078,281,284,?,?,190,190,220,222,174,182,253,253,194,200,138,138,313,313,235,241,307,307
24_079,281,281,?,?,190,190,220,222,182,182,253,253,200,200,138,158,313,313,235,238,307,307
24_080,281,284,?,?,186,190,220,222,182,190,253,253,198,200,160,168,313,313,235,235,307,307
24_081,281,284,?,?,190,190,220,222,182,182,253,253,198,200,138,170,313,313,238,238,307,307
24_082,281,281,?,?,192,192,220,222,182,190,253,253,200,200,138,164,313,317,235,235,307,307
24_083,281,281,?,?,190,192,220,222,182,182,253,253,200,200,138,158,313,313,235,238,307,307
24_084,281,281,?,?,190,192,220,222,182,182,253,253,198,198,138,138,313,313,235,262,307,307
24_085,281,281,249,261,190,190,220,222,182,182,253,253,198,198,138,138,313,313,235,235,307,307
24_086,281,302,?,?,190,190,220,222,182,198,253,253,198,200,158,160,313,313,232,235,307,307
24_087,281,281,?,?,190,190,220,222,182,182,253,253,198,200,138,160,313,313,235,235,307,307
24_088,281,281,?,?,190,190,220,222,182,190,253,253,198,200,138,158,313,313,235,235,307,307
24_089,281,281,?,?,190,190,220,222,182,182,253,253,200,200,158,168,307,313,235,235,307,307
24_090,281,281,?,?,190,190,220,222,182,182,253,253,198,198,158,158,313,313,235,235,307,307
24_091,281,281,?,?,190,192,220,222,182,182,253,253,198,200,138,168,313,313,235,235,307,307
24_093,281,281,?,?,190,190,220,222,182,190,253,253,198,200,138,154,313,313,235,235,307,307
pop = Bear,,,,,,,,,,,,,,,,,,,,,,
7_096,281,281,261,261,190,190,220,220,182,182,253,253,198,198,138,160,313,313,235,238,307,307
7_097,281,281,261,261,190,190,220,220,182,182,253,253,198,198,138,158,313,313,238,238,307,307
7_098,281,281,261,261,190,190,220,220,182,190,253,253,200,200,138,138,313,313,235,238,307,307
7_099,281,281,261,261,190,190,220,220,182,182,253,253,198,200,138,166,313,313,235,235,307,307
7_100,281,281,261,264,190,190,220,220,182,182,253,253,200,200,138,158,313,313,235,235,307,307
pop = Feather,,,,,,,,,,,,,,,,,,,,,,
9P_002,272,272,255,255,190,190,222,222,174,174,255,255,200,200,136,150,311,315,229,229,307,307
9P_003,272,272,?,?,190,190,222,222,174,174,253,255,200,204,136,138,313,317,229,229,307,307
9P_004,272,272,?,?,190,190,220,222,174,182,255,255,200,204,138,150,317,317,229,229,307,307
9P_005,263,272,?,?,190,190,222,222,174,174,253,255,204,204,138,148,313,317,229,229,307,307
9P_006,272,272,?,?,190,194,220,222,174,174,255,255,200,200,136,138,317,317,229,229,307,307
9P_007,272,272,?,?,190,190,222,222,174,174,253,255,200,200,148,148,313,317,229,232,307,307
9P_008,272,302,?,?,190,190,220,220,?,?,255,255,200,204,142,148,309,315,229,229,307,307
9P_009,263,272,?,?,190,190,222,222,174,182,253,255,200,200,136,138,313,317,229,229,307,307
9P_012,272,272,?,?,190,190,220,222,174,174,255,255,200,214,138,148,313,317,229,229,307,307
9P_013,272,272,?,?,190,190,222,222,174,190,255,255,200,204,142,148,315,317,229,232,307,307
9P_014,269,272,?,?,190,190,222,222,174,174,253,255,200,200,138,138,313,313,229,229,307,307
9P_015,272,272,?,?,190,190,222,222,174,174,253,253,200,204,142,150,309,309,229,232,307,307
9P_016,272,272,?,?,190,190,220,222,174,174,253,255,200,200,136,136,309,313,229,229,307,307
9P_017,272,272,?,?,190,190,222,222,?,?,255,255,200,204,136,142,317,317,229,232,307,307
9P_020,272,302,?,?,190,190,222,222,174,174,255,255,200,200,138,148,313,319,229,229,307,307
9P_021,272,272,?,?,190,190,220,222,174,174,255,255,200,200,136,148,315,315,229,232,307,307
9P_022,263,272,?,?,190,190,222,222,174,174,255,255,200,200,138,142,313,313,229,229,307,307
9P_023,272,272,?,?,190,190,220,222,174,174,253,255,200,200,138,148,313,315,229,229,307,307
9P_024,272,272,?,?,190,190,222,222,174,190,253,255,200,204,142,148,313,319,229,229,?,?
9P_025,272,272,?,?,190,190,222,222,174,174,253,255,200,204,148,148,313,317,229,232,307,307
9P_026,272,272,?,?,190,190,220,222,174,190,253,255,204,204,136,148,309,311,229,229,?,?
9P_027,272,272,?,?,190,190,222,222,174,174,253,255,200,200,148,148,313,313,229,250,?,?
9P_028,272,272,?,?,190,190,222,222,174,174,253,255,200,200,136,138,313,313,229,232,307,307
9P_029,272,272,?,?,190,190,222,222,174,174,253,255,200,204,138,148,313,317,229,229,307,307
9P_030,272,272,?,?,190,192,220,222,174,174,255,255,200,200,138,148,313,313,229,229,307,307
9P_032,272,272,?,?,190,190,222,222,174,174,253,255,200,200,142,148,313,319,229,229,307,307
9P_034,281,281,282,282,190,190,222,222,174,182,253,255,200,204,142,142,313,315,229,229,307,307
9P_035,272,272,?,?,190,190,222,222,174,174,255,255,200,200,138,138,305,305,229,229,307,307
9P_036,272,272,?,?,190,190,220,220,174,174,255,255,200,200,138,138,313,313,229,229,307,307
9P_039,272,272,?,?,190,190,222,222,174,174,253,255,200,200,148,148,311,313,229,229,307,307
pop = American,,,,,,,,,,,,,,,,,,,,,,
26_004,272,272,252,252,190,190,222,222,190,190,255,257,200,200,138,150,309,315,229,232,307,307
26_011,272,272,?,?,190,190,220,222,174,190,253,257,200,202,138,148,309,315,232,232,307,307
26_012,272,272,?,?,190,190,220,222,174,190,253,257,200,200,148,150,309,309,229,229,307,307
26_013,272,272,?,?,190,190,220,222,190,190,253,257,202,204,148,150,313,315,229,229,307,307
26_014,272,272,?,?,190,190,220,220,174,182,253,253,202,202,138,138,309,317,229,232,307,307
26_016,272,272,246,279,190,190,222,222,174,174,253,257,202,202,138,138,309,309,229,229,307,307
26_017,?,?,279,279,190,190,222,222,174,174,253,257,200,200,138,148,313,313,229,229,307,307
26_018,272,272,?,?,190,190,220,222,174,174,255,257,202,202,138,148,315,315,229,232,307,307
26_021,272,272,279,279,190,190,222,222,174,174,253,257,200,202,138,150,309,315,229,232,307,307
26_024,272,272,249,279,190,190,222,222,174,182,253,255,200,202,148,150,315,315,232,232,307,307
26_025,272,272,246,246,190,190,222,222,174,174,253,257,202,204,138,150,315,315,229,232,307,307
26_027,272,272,?,?,190,190,222,222,174,174,253,255,200,202,148,148,315,317,229,232,307,307
26_029,272,272,246,279,190,190,222,222,174,174,253,253,204,204,148,150,309,315,229,229,307,307
pop = Mokelumne,,,,,,,,,,,,,,,,,,,,,,
28_023,272,272,?,?,190,192,222,222,174,174,253,253,200,200,136,148,317,319,229,232,307,307
28_024,269,272,279,279,190,190,222,222,174,182,253,255,194,200,148,148,309,315,229,229,307,307
28_025,272,272,285,285,190,190,220,222,174,174,243,255,194,200,136,138,317,317,229,229,307,307
28_026,272,272,252,264,190,190,222,222,182,182,243,255,200,204,148,148,317,317,229,229,307,307
28_027,272,272,270,303,190,190,222,222,174,174,255,255,204,204,136,148,319,319,229,229,307,307
28_028,272,272,285,285,190,190,222,222,174,182,255,255,200,200,136,148,309,317,232,232,307,307
28_029,272,272,?,?,190,190,222,222,174,182,255,255,200,200,136,136,315,317,229,232,307,307
28_030,272,272,282,282,190,190,222,222,174,182,255,255,200,204,136,148,309,313,229,229,307,307
28_031,272,272,?,?,190,190,220,222,174,182,255,255,200,204,138,154,313,319,229,229,307,307
28_032,272,272,258,279,190,190,220,222,174,174,253,255,200,200,136,148,315,317,229,229,307,307
28_033,263,272,282,291,190,190,222,222,174,174,253,255,200,204,136,136,309,313,229,232,307,307
28_034,272,272,243,243,190,190,222,222,182,182,253,255,200,200,148,154,309,315,229,229,307,307
28_036,272,272,273,273,190,190,220,222,174,182,253,255,200,200,136,142,315,317,229,232,307,307
28_037,269,272,252,252,190,190,222,222,174,174,255,255,200,204,136,136,309,309,229,256,307,309
28_038,272,272,249,249,190,190,222,222,174,174,253,257,194,200,136,148,315,317,229,229,307,307
28_039,272,272,270,279,190,190,222,222,174,182,253,253,200,204,138,148,313,317,232,256,307,307
28_040,272,272,?,?,190,190,222,222,166,182,255,255,202,204,136,148,319,319,223,253,307,307
28_041,272,272,?,?,190,190,220,222,174,174,253,255,200,204,136,152,315,317,229,229,307,307
28_042,272,272,249,249,190,190,222,222,174,190,253,255,200,204,136,142,313,315,229,229,307,307
28_043,272,272,264,270,190,190,220,222,174,174,253,253,200,200,142,142,313,315,232,232,307,307
28_044,272,272,246,246,190,190,222,222,174,174,253,253,200,200,136,138,309,313,229,253,307,307
28_045,263,272,261,261,190,190,220,222,166,174,255,255,200,200,136,148,309,315,229,229,307,307
28_046,269,272,270,273,190,190,220,222,174,174,253,255,200,200,148,154,315,315,229,253,307,307
28_047,272,272,249,285,190,190,220,222,174,182,255,255,200,200,136,142,309,313,229,229,307,307
28_048,272,272,270,285,190,190,222,222,174,174,253,257,200,200,136,148,315,317,229,229,307,307
28_049,?,?,264,264,190,190,222,222,174,174,253,255,200,204,136,148,313,317,229,256,307,307
28_050,263,272,279,285,190,190,222,222,174,182,255,255,200,200,136,136,313,313,229,232,307,307
28_051,269,272,?,?,190,190,222,222,174,174,253,255,200,200,136,138,313,315,232,232,307,307
28_052,263,272,279,279,190,190,220,222,174,174,255,255,200,200,136,138,313,315,229,229,307,307
pop = Calaveras,,,,,,,,,,,,,,,,,,,,,,
25_073,272,272,267,279,190,190,222,222,174,174,255,255,200,204,136,136,309,309,229,232,307,307
25_074,272,272,279,282,190,190,222,222,174,174,255,255,200,204,136,136,309,313,229,232,307,307
25_075,272,272,282,282,190,190,222,222,158,174,255,255,200,200,136,136,309,315,229,229,307,307
25_076,272,272,267,267,190,190,222,222,174,174,255,255,200,204,136,148,313,313,229,229,307,307
25_077,272,272,282,282,190,190,222,222,174,174,255,255,200,200,136,136,309,315,229,229,307,307
25_078,272,272,?,?,190,190,222,222,174,174,253,255,200,204,136,142,309,319,229,232,307,307
25_079,272,272,267,267,190,190,222,222,174,174,255,255,200,200,136,136,309,309,229,229,307,307
25_080,272,272,282,282,190,190,222,222,174,174,255,255,200,204,136,142,313,321,232,232,307,307
25_081,272,272,267,282,190,190,222,222,174,174,255,255,204,204,136,136,309,309,229,229,307,307
25_082,272,272,267,282,190,190,222,222,174,174,255,255,200,204,136,136,309,321,229,229,307,307
25_083,272,272,282,282,190,190,222,222,174,174,255,255,200,200,136,136,309,313,229,232,307,307
25_084,272,272,282,282,190,190,222,222,174,174,255,255,200,200,136,136,309,309,232,232,307,307
25_085,272,272,267,279,190,190,222,222,174,174,255,255,204,204,136,136,309,315,229,229,307,307
25_086,272,272,267,267,190,190,222,222,174,174,255,255,200,204,136,142,309,313,229,229,307,307
25_087,272,272,282,282,190,190,222,222,174,174,255,255,204,204,136,142,309,313,229,229,307,307
25_088,272,272,270,279,190,190,222,222,174,174,255,255,200,204,136,136,309,317,229,229,307,307
25_089,272,272,270,279,190,190,222,222,174,174,255,255,200,204,136,142,309,309,229,229,307,307
25_090,272,272,279,282,190,190,222,222,174,174,255,255,200,200,136,148,309,313,229,229,307,307
25_091,272,272,267,279,190,190,222,222,174,174,255,255,200,204,136,136,309,313,229,229,307,307
25_092,272,272,267,282,190,190,222,222,174,174,255,255,200,204,136,136,309,315,229,229,307,307
25_093,272,272,282,282,190,190,222,222,174,174,255,255,200,200,142,142,315,319,229,232,307,307
25_094,272,272,?,?,190,190,222,222,174,174,255,257,200,204,136,142,309,315,229,232,307,307
25_095,272,272,279,282,190,190,222,222,174,174,255,255,200,200,136,136,309,309,229,229,307,307
25_096,272,272,261,282,190,190,222,222,174,174,255,255,200,204,136,142,309,317,229,229,307,307
25_097,272,272,270,282,190,190,222,222,174,174,253,255,200,204,136,136,309,309,229,229,307,307
25_098,272,272,267,267,190,190,222,222,174,174,255,255,200,200,142,142,309,309,229,232,307,307
25_099,272,272,282,282,190,190,222,222,174,174,255,255,200,204,136,136,313,317,229,229,307,307
25_100,272,272,282,282,190,190,222,222,174,174,255,257,200,204,136,136,309,315,229,229,307,307
26_001,272,272,282,282,190,190,222,222,174,174,255,255,200,204,142,142,309,313,229,232,307,307
26_002,272,272,267,282,190,190,222,222,174,174,255,255,200,200,136,142,309,313,229,229,307,307
pop = Stanislaus,,,,,,,,,,,,,,,,,,,,,,
25_060,269,272,279,279,190,190,222,222,174,174,255,255,200,200,136,142,317,319,229,229,307,307
25_061,?,?,267,270,190,190,220,222,174,174,255,255,204,204,136,136,309,309,229,229,307,307
25_062,272,272,?,?,190,190,220,222,174,174,255,255,204,204,142,148,309,321,229,229,307,307
25_063,272,272,270,270,190,190,222,222,174,174,255,255,204,204,136,142,309,315,223,229,307,307
25_064,272,272,270,270,190,190,222,222,174,174,255,255,204,204,136,142,309,315,223,229,307,307
25_065,272,272,282,282,190,190,220,222,174,182,255,255,204,204,136,148,315,319,229,238,307,307
25_066,272,272,279,282,190,190,220,222,174,174,255,255,204,204,142,148,315,317,229,229,307,307
25_067,272,272,?,?,190,190,222,222,174,174,255,255,200,204,136,136,309,319,229,229,307,307
25_068,272,272,279,279,190,190,222,222,174,174,253,255,204,204,142,142,309,317,229,238,307,307
25_069,272,302,282,282,190,192,222,222,174,182,255,255,200,204,136,142,317,319,229,238,307,307
25_070,?,?,279,279,190,190,222,222,174,174,255,255,204,204,136,136,319,319,229,229,307,307
25_071,272,272,279,279,190,190,222,222,174,174,255,255,204,204,142,142,319,319,229,229,307,307
25_072,272,272,270,279,190,190,222,222,158,174,255,255,204,204,136,142,319,319,229,229,307,307
28_014,272,272,270,279,190,190,222,222,174,174,255,255,200,204,136,142,315,315,229,238,307,307
28_015,272,272,270,282,190,190,222,222,174,174,255,255,200,204,136,148,309,317,229,229,307,307
28_016,272,272,270,270,190,190,220,222,174,174,255,255,204,204,136,148,317,319,229,229,307,307
28_017,272,272,270,270,190,190,220,222,174,174,255,255,200,204,142,142,317,319,223,229,307,307
28_018,272,272,279,279,190,190,220,222,174,174,255,255,204,204,136,136,309,317,229,229,307,307
28_019,272,272,270,282,190,190,220,222,174,174,255,255,200,204,142,142,319,319,229,229,307,307
28_020,269,272,270,279,190,190,222,222,174,174,255,255,200,204,136,136,315,315,229,229,307,307
28_021,269,272,279,279,190,190,220,222,174,174,253,255,200,204,136,136,311,319,229,229,307,307
28_022,272,272,270,282,190,190,220,222,174,174,255,255,204,204,136,136,319,319,229,229,307,307
pop = Merced,,,,,,,,,,,,,,,,,,,,,,
25_029,272,272,261,276,190,192,222,222,174,174,253,253,200,204,136,142,311,315,229,229,307,307
25_030,272,272,?,?,190,190,222,222,174,174,253,255,200,200,136,136,317,319,229,229,307,307
25_031,272,272,?,?,190,190,222,222,174,174,253,253,200,200,136,142,309,319,229,229,307,307
25_032,272,272,267,282,190,190,222,222,174,174,243,253,204,206,136,142,311,319,223,229,307,307
25_033,272,272,261,270,190,190,222,222,158,174,253,255,200,200,136,142,309,319,229,229,307,307
25_034,272,272,267,270,190,190,222,222,174,174,253,255,200,200,142,142,319,319,229,229,307,307
25_035,272,272,276,279,190,190,220,222,174,174,255,255,200,200,136,136,319,319,229,229,307,307
25_036,272,272,282,282,190,190,222,222,174,174,255,257,200,204,136,136,309,317,229,229,307,307
25_037,272,272,270,285,190,190,220,222,174,174,253,255,200,200,142,142,315,319,229,229,307,307
25_039,272,272,261,282,190,190,222,222,174,174,253,255,200,204,136,142,309,319,229,229,307,307
25_040,?,?,279,279,190,190,222,222,174,174,253,255,204,204,136,142,311,311,229,229,307,309
25_041,272,290,276,276,190,190,222,222,174,174,253,253,200,200,136,142,319,319,229,229,307,307
25_042,272,272,261,279,190,192,222,222,174,174,253,255,200,204,142,142,311,319,229,232,307,307
25_043,272,272,261,261,190,192,222,222,174,174,253,253,200,200,136,142,311,315,229,229,307,307
25_044,272,272,267,276,190,192,222,222,174,174,253,253,200,204,136,142,315,315,229,232,307,307
25_045,272,272,267,273,192,192,222,222,174,174,253,257,200,200,136,142,311,315,229,229,307,307
25_046,272,272,276,276,192,192,222,222,174,174,253,253,200,200,142,142,319,319,229,229,307,307
25_047,?,?,?,?,192,192,222,222,174,174,?,?,200,200,136,142,309,319,229,229,307,307
25_048,272,287,276,285,190,190,222,222,174,174,253,255,200,200,136,142,311,315,229,229,307,307
25_049,272,272,273,282,190,190,220,222,174,174,253,253,200,200,136,136,309,315,229,229,307,307
25_050,272,275,?,?,190,190,222,222,174,174,255,255,200,200,136,142,317,319,229,229,307,307
25_051,272,272,261,279,190,190,220,222,174,174,253,255,200,200,136,142,309,317,229,253,307,307
25_052,272,272,?,?,190,190,222,222,174,174,253,257,200,200,142,142,309,311,229,229,307,307
25_053,272,272,273,276,190,190,222,222,174,174,255,257,204,206,?,?,319,319,223,223,307,307
25_054,272,272,?,?,190,190,220,222,174,174,253,255,200,204,142,142,311,319,229,229,307,307
25_055,272,272,?,?,190,192,222,222,174,174,253,255,200,200,136,136,309,309,223,229,307,307
25_056,272,272,276,276,190,190,220,222,174,174,255,255,200,204,142,142,309,319,229,229,307,307
25_057,272,272,261,279,190,190,220,222,174,174,253,255,200,200,142,142,315,319,229,229,307,307
25_058,272,272,273,273,190,190,220,222,174,174,253,253,200,200,142,142,311,319,229,229,307,307
25_059,272,272,276,276,190,190,220,222,174,174,253,257,200,200,142,142,309,309,229,229,307,307
pop = San_Joaquin,,,,,,,,,,,,,,,,,,,,,,
6_012,272,272,?,?,190,192,220,222,174,174,253,255,204,204,136,136,315,315,229,229,307,307
6_013,272,272,?,?,190,190,220,222,174,174,253,253,204,212,136,136,315,315,229,229,307,307
6_014,272,272,?,?,190,190,222,222,174,174,253,255,200,204,136,140,309,309,229,229,307,307
6_015,252,252,?,?,190,192,220,222,174,174,253,253,200,204,136,140,311,315,229,229,307,307
6_017,272,272,?,?,190,192,222,222,174,174,253,253,200,200,136,136,309,321,229,229,307,307
6_018,272,272,?,?,190,190,222,222,166,174,253,255,204,204,136,138,315,319,229,229,307,307
6_019,272,272,?,?,190,192,220,222,174,174,253,253,204,204,136,148,309,309,229,229,307,307
6_001,272,272,?,?,190,190,220,222,174,174,253,255,200,204,136,136,311,321,229,229,307,307
6_002,272,272,?,?,190,190,222,222,166,174,253,253,200,204,136,140,315,321,229,229,307,307
6_003,272,272,?,?,190,190,220,222,174,174,255,255,204,204,136,136,315,317,229,229,307,307
6_004,272,272,?,?,190,190,220,220,174,174,255,255,204,204,136,136,311,315,229,229,307,307
6_005,272,272,?,?,190,192,220,222,174,174,255,255,200,200,136,136,309,315,229,229,307,307
6_006,272,272,?,?,190,190,220,220,174,174,255,255,200,204,136,136,309,315,229,229,307,307
6_007,272,272,?,?,190,190,220,222,174,174,253,255,200,200,136,136,315,315,229,229,307,307
6_008,269,272,?,?,190,190,220,222,174,174,253,255,200,204,136,140,309,319,229,229,307,307
6_020,272,272,?,?,190,190,220,222,174,174,255,255,204,204,136,136,309,315,229,229,307,307
6_021,272,272,?,?,190,192,220,222,174,174,255,255,200,204,136,136,311,315,229,229,307,307
6_023,272,272,?,?,190,192,222,222,174,174,253,255,200,204,136,136,311,315,229,238,307,307
6_024,272,272,?,?,190,192,220,222,166,174,255,255,200,204,136,136,309,311,229,229,307,307
6_025,272,272,?,?,190,190,220,222,166,174,253,253,200,200,136,136,311,313,229,238,307,307
6_027,272,272,?,?,190,190,222,222,174,174,255,255,200,200,136,136,309,309,229,232,307,307
6_028,248,248,?,?,192,192,222,222,174,182,255,255,204,204,136,138,309,315,229,229,307,307
6_031,272,272,?,?,190,192,220,222,174,174,253,255,200,204,138,148,311,319,229,229,307,307
6_033,272,272,?,?,190,190,220,222,174,174,255,255,200,204,136,136,317,319,229,229,307,307
6_034,272,272,?,?,190,190,222,222,174,174,253,255,200,204,136,136,309,315,229,229,307,307
19_036,272,272,264,267,190,192,220,222,174,174,255,255,200,204,?,?,?,?,?,?,?,?
19_037,269,272,?,?,190,190,220,222,174,174,255,255,200,200,?,?,?,?,?,?,?,?
19_038,272,272,?,?,190,192,220,220,174,174,255,255,200,204,?,?,?,?,?,?,?,?
19_051,272,272,?,?,190,190,222,222,163,174,237,255,200,204,?,?,?,?,?,?,?,?
pop = Kings,,,,,,,,,,,,,,,,,,,,,,
1P001,272,272,270,279,190,192,220,222,174,174,253,253,200,204,?,?,311,313,229,229,307,307
1P003,272,272,261,276,190,190,222,222,174,174,253,253,200,200,?,?,309,309,229,229,307,307
1P007,272,290,270,270,190,190,220,222,174,174,253,253,208,208,?,?,311,313,229,229,307,307
1P009,272,272,270,279,190,190,220,220,158,174,253,253,200,204,?,?,311,313,223,229,307,307
1P010,272,272,270,270,190,190,220,220,174,174,253,255,200,200,?,?,311,311,223,229,307,307
1P011,272,272,270,270,190,190,220,222,174,174,253,253,200,200,?,?,311,313,223,229,307,307
1P014,272,272,270,279,190,190,220,220,174,174,253,253,200,200,?,?,309,311,229,229,307,307
1P016,272,272,270,270,190,190,222,226,158,174,253,253,200,200,?,?,311,311,229,229,307,307
1P019,272,272,249,270,190,190,220,220,174,174,253,253,204,204,?,?,311,311,229,229,307,307
1P020,272,272,249,270,190,190,220,220,166,174,253,253,200,204,?,?,311,311,229,229,307,307
1P021,272,290,249,270,190,190,222,222,174,174,253,255,204,204,?,?,313,313,223,229,307,307
1P023,272,272,267,270,190,190,222,226,158,174,253,253,200,200,?,?,313,313,229,229,307,307
1P029,272,272,270,279,190,190,222,222,174,174,243,255,204,204,?,?,311,315,223,229,307,307
1P030,272,272,279,279,190,192,222,226,174,174,253,253,200,204,?,?,311,311,223,229,307,307
1P031,272,272,270,279,190,190,220,220,174,174,253,253,200,204,?,?,311,313,229,229,307,307
1P032,272,272,270,279,190,190,220,222,174,174,253,255,200,204,?,?,311,311,229,229,307,307
30007,272,272,270,270,190,190,222,228,166,182,253,255,200,202,?,?,317,317,247,247,307,307
30008,272,272,279,279,190,190,222,222,174,178,253,253,200,204,?,?,311,311,223,229,307,307
30010,272,272,267,282,190,190,226,226,166,174,253,255,200,204,?,?,315,317,229,229,307,307
30015,272,272,270,279,190,190,220,222,174,174,253,253,204,204,?,?,315,315,229,229,307,307
30016,272,272,279,279,190,190,222,222,174,178,253,255,200,204,?,?,311,311,223,229,307,307
30018,272,272,264,267,190,190,222,226,174,174,253,255,204,204,?,?,309,313,229,229,307,307
30025,272,272,270,270,190,190,222,222,174,178,253,255,200,200,?,?,311,311,229,229,307,307
31001,272,272,270,270,190,190,222,222,174,174,253,253,204,204,?,?,311,311,229,229,307,307
31002,272,272,249,264,190,190,222,222,174,174,253,253,200,204,?,?,311,311,229,229,307,307
31003,272,272,270,279,190,190,222,222,174,174,243,253,200,200,?,?,311,311,229,229,307,307
31004,272,272,270,270,190,192,222,226,174,174,253,253,200,200,?,?,311,311,229,229,307,307
31006,272,290,270,270,190,190,222,222,174,174,253,255,204,204,?,?,311,311,229,229,307,307
31007,272,272,249,270,190,192,222,222,174,174,253,253,204,204,?,?,311,311,229,229,307,307
31008,272,272,249,270,190,190,220,220,174,174,253,255,200,208,?,?,311,311,229,229,307,307
31009,272,272,270,279,190,190,222,226,174,174,253,253,200,200,?,?,311,311,223,229,307,307
31010,272,272,270,270,190,190,222,222,174,174,253,253,200,204,?,?,311,313,229,229,307,307
31011,272,272,267,279,190,192,222,222,174,174,253,253,200,204,?,?,311,311,229,229,307,307
31012,272,272,270,279,190,190,222,222,174,174,253,253,200,200,?,?,311,311,229,229,307,307
31014,272,272,270,270,190,190,220,220,174,174,253,255,200,204,?,?,313,313,223,229,307,307
31015,272,272,249,270,190,190,222,222,174,174,253,253,204,204,?,?,311,311,229,229,307,307
31016,272,272,270,279,190,190,220,220,174,174,253,255,200,208,?,?,313,313,223,229,307,307
31017,272,272,270,270,190,190,222,222,174,174,253,255,204,204,?,?,311,311,229,229,307,307
31018,272,272,249,270,190,190,222,222,174,174,253,255,204,208,?,?,311,311,223,229,307,307
31019,272,272,270,279,190,190,222,226,174,174,253,253,200,204,?,?,311,311,229,229,307,307
31020,272,272,270,279,190,190,222,222,174,174,253,253,200,200,?,?,311,311,229,229,307,307
31021,272,272,249,279,190,190,220,220,174,174,253,255,204,204,?,?,311,311,223,229,307,307
31023,272,272,279,279,190,190,220,220,158,174,253,253,204,204,?,?,315,315,229,229,307,307
31024,272,272,249,270,190,190,220,222,158,174,253,253,200,204,?,?,313,313,223,229,307,307
31026,272,272,270,270,190,190,222,222,174,174,253,255,200,200,?,?,311,315,223,229,307,307
31028,272,272,264,270,190,190,222,222,174,174,253,253,204,208,?,?,311,311,229,229,307,307
31029,272,272,270,279,190,190,220,220,174,174,253,253,200,204,?,?,311,311,223,223,307,307
31030,272,272,264,267,190,192,222,222,174,174,253,255,200,200,?,?,313,313,223,229,307,307
31031,272,272,249,270,190,190,220,220,174,174,253,253,200,200,?,?,311,313,223,229,307,307
31032,272,272,270,279,190,190,220,220,158,174,253,253,204,204,?,?,311,311,229,229,307,307
31035,272,272,267,270,190,190,222,222,174,174,253,253,200,204,?,?,311,315,229,229,307,307
31042,272,272,270,279,190,190,222,226,174,174,253,255,200,200,?,?,309,315,229,229,307,307
31049,272,272,279,279,190,190,222,226,174,174,255,255,204,204,?,?,313,317,229,232,307,307
31053,272,272,261,270,190,190,220,222,174,174,253,255,200,204,?,?,317,321,229,229,307,307
